t	mx	my	mz	MaxAngle	phi	f_RF
0.0	0.25831768	0.96089065	-0.001769361	0.112795666	75	4500000000.0
4.402484352530901e-12	0.25720364	0.96117663	-0.0018245182	0.1131837	75	4500000000.0
1.0268124686827382e-11	0.25568035	0.9615667	-0.0018648278	0.113488846	75	4500000000.0
1.4666263125487675e-11	0.2545266	0.9618617	-0.0018692696	0.1135662	75	4500000000.0
2.0529505721374594e-11	0.25299922	0.96225137	-0.0018400318	0.11349727	75	4500000000.0
2.492420165900093e-11	0.2518807	0.9625364	-0.0017916332	0.113337696	75	4500000000.0
2.931785478937843e-11	0.25080055	0.96281147	-0.0017207798	0.11311032	75	4500000000.0
3.5174605544233696e-11	0.24944349	0.96315706	-0.0015923275	0.112740055	75	4500000000.0
3.956666126549918e-11	0.2485051	0.9633965	-0.0014716092	0.11243606	75	4500000000.0
4.5421270262871904e-11	0.24738345	0.9636836	-0.0012804548	0.11203106	75	4500000000.0
4.981237420127253e-11	0.24665394	0.96387166	-0.0011163795	0.11174546	75	4500000000.0
5.4203508630053456e-11	0.24603173	0.96403354	-0.00093656604	0.11148754	75	4500000000.0
6.005905861422085e-11	0.24538414	0.9642049	-0.0006759192	0.1111941	75	4500000000.0
6.444910372379738e-11	0.2450447	0.96429807	-0.00046787623	0.11101133	75	4500000000.0
7.030165676706633e-11	0.24479753	0.96437216	-0.0001785108	0.110812075	75	4500000000.0
7.469096695422364e-11	0.24477084	0.96438897	4.4018358e-05	0.1106821	75	4500000000.0
8.05418871990264e-11	0.24494979	0.96435857	0.00034264132	0.11051631	75	4500000000.0
8.493124349341635e-11	0.24524444	0.96429586	0.0005644287	0.11038166	75	4500000000.0
8.932057290917448e-11	0.24567394	0.9641994	0.00078107853	0.1102203	75	4500000000.0
9.517464447695354e-11	0.24644892	0.9640196	0.0010570883	0.10994469	75	4500000000.0
9.95640087732108e-11	0.2471733	0.9638476	0.0012507365	0.10967546	75	4500000000.0
1.0541652734467401e-10	0.24831441	0.9635721	0.0014861749	0.11025552	75	4500000000.0
1.0980607476527225e-10	0.24928863	0.96333367	0.0016424938	0.11142805	75	4500000000.0
1.141957562525513e-10	0.25035137	0.96307045	0.0017789361	0.11254969	75	4500000000.0
1.2004695745855324e-10	0.25188273	0.9626867	0.0019264414	0.11394323	75	4500000000.0
1.244363695853846e-10	0.25309905	0.96237856	0.002009082	0.11489444	75	4500000000.0
1.3028973478687209e-10	0.25478175	0.96194744	0.0020792584	0.11601566	75	4500000000.0
1.3467862733220572e-10	0.25606796	0.9616143	0.0021005075	0.11673894	75	4500000000.0
1.4053050532457348e-10	0.2577836	0.96116567	0.0020857388	0.11753303	75	4500000000.0
1.449193727778266e-10	0.25904864	0.9608313	0.0020419734	0.117998734	75	4500000000.0
1.493083454894818e-10	0.26027617	0.9605045	0.0019702949	0.11835413	75	4500000000.0
1.5515892686318977e-10	0.26182505	0.9600882	0.0018322271	0.11866266	75	4500000000.0
1.5954781997307087e-10	0.2629002	0.95979667	0.001697929	0.11877538	75	4500000000.0
1.6540149973310762e-10	0.26418912	0.95944434	0.0014803337	0.1187774	75	4500000000.0
1.6979086293637474e-10	0.26502812	0.9592129	0.0012905712	0.11867575	75	4500000000.0
1.7417988265428217e-10	0.2657433	0.959014	0.0010803739	0.11849287	75	4500000000.0
1.800321275362711e-10	0.2664847	0.95880544	0.00077259686	0.11813131	75	4500000000.0
1.8442111493965984e-10	0.26686907	0.9586953	0.0005248065	0.11777777	75	4500000000.0
1.9027191515989397e-10	0.26713842	0.9586146	0.00017784283	0.1171986	75	4500000000.0
1.9466066917733012e-10	0.26715133	0.95860565	-9.046966e-05	0.11668826	75	4500000000.0
2.0051353878889283e-10	0.26691127	0.95866394	-0.00045210213	0.11589871	75	4500000000.0
2.049020003290816e-10	0.26653814	0.9587603	-0.00072117406	0.115227744	75	4500000000.0
2.0929041359718036e-10	0.26600233	0.95890075	-0.0009841332	0.11448766	75	4500000000.0
2.15141805001466e-10	0.26504377	0.9591537	-0.001318482	0.11339302	75	4500000000.0
2.1953019971091405e-10	0.26415187	0.95938957	-0.0015520239	0.11249183	75	4500000000.0
2.253801412951201e-10	0.2627523	0.9597589	-0.0018333372	0.11119302	75	4500000000.0
2.297684704325184e-10	0.2615613	0.9600722	-0.0020173278	0.11015742	75	4500000000.0
2.341567059806111e-10	0.2602663	0.96041167	-0.002174582	0.110072814	75	4500000000.0
2.4000943886988586e-10	0.25840747	0.96089625	-0.002337862	0.11096073	75	4500000000.0
2.4439787457975197e-10	0.25693983	0.96127677	-0.0024223877	0.11149236	75	4500000000.0
2.502493366859836e-10	0.2549237	0.961796	-0.0024810834	0.11201027	75	4500000000.0
2.546374323059804e-10	0.25339574	0.96218693	-0.002483004	0.11225689	75	4500000000.0
2.6048707529460833e-10	0.2513802	0.96269935	-0.0024283433	0.112409495	75	4500000000.0
2.648751949777524e-10	0.2499136	0.96307003	-0.0023445282	0.112408966	75	4500000000.0
2.692638355646126e-10	0.24851066	0.9634228	-0.002224802	0.11232658	75	4500000000.0
2.751165818469076e-10	0.24677652	0.9638571	-0.0020116984	0.11212326	75	4500000000.0
2.7950475647750246e-10	0.2456055	0.96414953	-0.001814479	0.11192651	75	4500000000.0
2.8535619094870184e-10	0.24425192	0.96448696	-0.0015066016	0.11164226	75	4500000000.0
2.897446394107019e-10	0.24341442	0.9646961	-0.001246195	0.111430734	75	4500000000.0
2.9413306979013675e-10	0.24274506	0.9648642	-0.00096458977	0.111237064	75	4500000000.0
2.9998283012490926e-10	0.24213415	0.9650202	-0.0005633359	0.11102154	75	4500000000.0
3.04371163751741e-10	0.24189807	0.9650835	-0.0002486373	0.11089343	75	4500000000.0
3.10223908437326e-10	0.24188963	0.9650941	0.00018048461	0.110770024	75	4500000000.0
3.146126976749215e-10	0.2421155	0.96504587	0.0005031028	0.11070638	75	4500000000.0
3.2046457557295095e-10	0.24272302	0.9649069	0.00092519185	0.110644855	75	4500000000.0
3.2485348100102044e-10	0.24340166	0.96474767	0.0012295143	0.11059951	75	4500000000.0
3.292423213631953e-10	0.24426226	0.964543	0.0015182024	0.11054279	75	4500000000.0
3.3509258618083855e-10	0.24567233	0.9642031	0.0018711631	0.11042656	75	4500000000.0
3.394813168135479e-10	0.24690868	0.9639016	0.0021067832	0.11029343	75	4500000000.0
3.4533384787451193e-10	0.248763	0.9634439	0.0023751443	0.110672385	75	4500000000.0
3.497226715263149e-10	0.25028244	0.9630646	0.0025378866	0.11183042	75	4500000000.0
3.5411162814720285e-10	0.25188857	0.96265954	0.0026646503	0.11292798	75	4500000000.0
3.5996404907196675e-10	0.25412512	0.96208906	0.0027740647	0.11426884	75	4500000000.0
3.6435304063576956e-10	0.25584218	0.9616461	0.0028094298	0.11516137	75	4500000000.0
3.7020382662839127e-10	0.2581367	0.96104723	0.0027926737	0.11617466	75	4500000000.0
3.7459307682502243e-10	0.2598294	0.96060073	0.002731893	0.116794184	75	4500000000.0
3.804464399770078e-10	0.26200098	0.9600218	0.0025874232	0.11741861	75	4500000000.0
3.8483554925197345e-10	0.2635333	0.9596092	0.0024330346	0.11773465	75	4500000000.0
3.8922458609662237e-10	0.26495728	0.95922273	0.0022411451	0.117922254	75	4500000000.0
3.9507722459911e-10	0.26665	0.95875925	0.0019311109	0.117978476	75	4500000000.0
3.9946600789127537e-10	0.26773882	0.95845884	0.0016619042	0.11788526	75	4500000000.0
4.0531630258948814e-10	0.2689162	0.9581313	0.0012609252	0.117598586	75	4500000000.0
4.097052007594911e-10	0.26957458	0.9579465	0.0009338414	0.11727504	75	4500000000.0
4.1555788079788046e-10	0.27013025	0.95778877	0.0004713383	0.11671539	75	4500000000.0
4.199467454937237e-10	0.27029437	0.9577403	0.00011121029	0.11621631	75	4500000000.0
4.2433543846750705e-10	0.27023637	0.9577534	-0.00025446582	0.11565569	75	4500000000.0
4.301880845050939e-10	0.26981118	0.95786715	-0.0007413292	0.114831515	75	4500000000.0
4.3457705731961066e-10	0.26923448	0.95802337	-0.0010986269	0.11416215	75	4500000000.0
4.404272407702102e-10	0.26813388	0.9583223	-0.001553913	0.113216415	75	4500000000.0
4.448161743082327e-10	0.26707232	0.95861	-0.0018727061	0.11247005	75	4500000000.0
4.492047205817859e-10	0.2658238	0.95894706	-0.0021661648	0.11169949	75	4500000000.0
4.550566840074849e-10	0.26389763	0.95946383	-0.0025097374	0.110642165	75	4500000000.0
4.5944517293907807e-10	0.26228344	0.95989376	-0.0027258832	0.10983436	75	4500000000.0
4.65297105642945e-10	0.25994876	0.9605103	-0.0029515247	0.10874744	75	4500000000.0
4.696855886597071e-10	0.25809458	0.9609952	-0.0030697666	0.10869855	75	4500000000.0
4.755347036102192e-10	0.25553834	0.9616573	-0.0031550156	0.10940667	75	4500000000.0
4.799227442701126e-10	0.25359464	0.96215576	-0.003162778	0.109868065	75	4500000000.0
4.843112049531041e-10	0.25166166	0.9626471	-0.0031216478	0.11026094	75	4500000000.0
4.901630486617074e-10	0.24915309	0.9632785	-0.0029912237	0.11067508	75	4500000000.0
4.945516304731102e-10	0.247362	0.96372503	-0.002838227	0.11090366	75	4500000000.0
5.004039585653924e-10	0.2451479	0.9642723	-0.0025645387	0.11110973	75	4500000000.0
5.047924955436061e-10	0.2436531	0.9646392	-0.0023108847	0.111198395	75	4500000000.0
5.091810258350769e-10	0.24232729	0.9649629	-0.0020198382	0.11124082	75	4500000000.0
5.150309491873752e-10	0.24085999	0.9653199	-0.0015813721	0.11123867	75	4500000000.0
5.194197233438667e-10	0.24000798	0.965527	-0.0012210262	0.11120699	75	4500000000.0
5.252720208908703e-10	0.23923136	0.96571714	-0.00070914027	0.111138225	75	4500000000.0
5.296608156472031e-10	0.23893183	0.96579224	-0.0003093984	0.11107317	75	4500000000.0
5.355132820927881e-10	0.2389208	0.9658004	0.00023309638	0.110980645	75	4500000000.0
5.399020464733547e-10	0.23920551	0.9657369	0.00063885347	0.11090743	75	4500000000.0
5.442907848091935e-10	0.239738	0.9656142	0.0010367449	0.11082878	75	4500000000.0
5.501409649285183e-10	0.24082027	0.9653606	0.0015443515	0.11071231	75	4500000000.0
5.545297107630868e-10	0.2418967	0.9651053	0.0019004722	0.11061192	75	4500000000.0
5.60381931254815e-10	0.24365528	0.9646834	0.0023320282	0.1104482	75	4500000000.0
5.647707502476721e-10	0.24519143	0.96431065	0.0026167303	0.11029776	75	4500000000.0
5.691592262378724e-10	0.24688874	0.9638946	0.0028631089	0.11054603	75	4500000000.0
5.750118490721034e-10	0.24935949	0.9632813	0.0031255635	0.11177593	75	4500000000.0
5.79400479513997e-10	0.2513318	0.96278554	0.0032687644	0.11264783	75	4500000000.0
5.852503277801068e-10	0.25406444	0.9620898	0.0033838076	0.11371022	75	4500000000.0
5.896389631257918e-10	0.2561524	0.96155125	0.003411276	0.11441198	75	4500000000.0
5.954912824472067e-10	0.258928	0.960826	0.0033681812	0.115203895	75	4500000000.0
5.998800899305801e-10	0.26096225	0.9602879	0.0032763402	0.115673766	75	4500000000.0
6.042690896503573e-10	0.26292187	0.9597641	0.0031345887	0.11603111	75	4500000000.0
6.101220867138029e-10	0.2653676	0.95910317	0.002871096	0.11632626	75	4500000000.0
6.145112577214826e-10	0.26703954	0.95864654	0.002621053	0.11641404	75	4500000000.0
6.203616654206139e-10	0.269003	0.95810527	0.0022243282	0.11635296	75	4500000000.0
6.247507262743058e-10	0.27024707	0.95775926	0.0018844628	0.116183914	75	4500000000.0
6.291393520440187e-10	0.27127236	0.95747226	0.001513711	0.11591675	75	4500000000.0
6.349911166589089e-10	0.2722707	0.95719075	0.0009805042	0.11542251	75	4500000000.0
6.39379744844095e-10	0.27272612	0.95706093	0.00055903144	0.114964604	75	4500000000.0
6.452322743323835e-10	0.27292573	0.9570021	-1.9966128e-05	0.114253156	75	4500000000.0
6.496209811014748e-10	0.27276418	0.9570452	-0.00045838294	0.113658726	75	4500000000.0
6.554714869277319e-10	0.27213484	0.9572182	-0.0010357545	0.11280361	75	4500000000.0
6.598604908402163e-10	0.27135882	0.95743245	-0.001454869	0.11212592	75	4500000000.0
6.642493414584778e-10	0.2703327	0.9577152	-0.0018545822	0.111429654	75	4500000000.0
6.701011016426975e-10	0.2686001	0.95819044	-0.0023463469	0.1104828	75	4500000000.0
6.744899943716255e-10	0.26705062	0.9586124	-0.0026764912	0.10976855	75	4500000000.0
6.803429880609154e-10	0.2646932	0.9592493	-0.003054745	0.108826496	75	4500000000.0
6.847314432023526e-10	0.26274106	0.9597714	-0.0032856057	0.10813669	75	4500000000.0
6.891203145439104e-10	0.26066262	0.9603221	-0.0034667398	0.10850058	75	4500000000.0
6.949699271235791e-10	0.25775102	0.961085	-0.0036253089	0.10901895	75	4500000000.0
6.993583493566217e-10	0.25550398	0.9616667	-0.0036791689	0.109375	75	4500000000.0
7.052101344877086e-10	0.25249022	0.96243715	-0.0036618325	0.10979574	75	4500000000.0
7.095989877672947e-10	0.25026268	0.96299964	-0.003581787	0.11006576	75	4500000000.0
7.154519381138028e-10	0.24740267	0.9637135	-0.0033874696	0.1103611	75	4500000000.0
7.198405524748818e-10	0.24538541	0.96421134	-0.0031787844	0.11053306	75	4500000000.0
7.24229116126957e-10	0.24351329	0.96466935	-0.0029195016	0.11066699	75	4500000000.0
7.300792907545967e-10	0.24129492	0.96520734	-0.002502126	0.110786736	75	4500000000.0
7.344678534306253e-10	0.23987378	0.96554965	-0.0021414931	0.11083902	75	4500000000.0
7.403191328097744e-10	0.23834695	0.9659159	-0.0016079644	0.11086219	75	4500000000.0
7.447074495766271e-10	0.2375022	0.9661186	-0.0011764341	0.11084872	75	4500000000.0
7.505602186318264e-10	0.2368027	0.96628785	-0.00057186955	0.110795364	75	4500000000.0
7.549488074437448e-10	0.23661016	0.966337	-0.000105985404	0.11072958	75	4500000000.0
7.593373052884539e-10	0.23670651	0.9663185	0.00036258387	0.11064054	75	4500000000.0
7.65187444516575e-10	0.23728204	0.96618897	0.00097882	0.110487126	75	4500000000.0
7.695758977207949e-10	0.23804106	0.96601415	0.0014255071	0.11034107	75	4500000000.0
7.754268695700741e-10	0.23946787	0.965681	0.001987205	0.110105366	75	4500000000.0
7.798152024956155e-10	0.24082816	0.9653595	0.0023747182	0.10989361	75	4500000000.0
7.842039554098971e-10	0.24241474	0.96498096	0.0027266925	0.11066914	75	4500000000.0
7.900571096349063e-10	0.24484046	0.96439415	0.003131559	0.11180425	75	4500000000.0
7.944462739024272e-10	0.24685588	0.9639004	0.003380762	0.11262608	75	4500000000.0
8.002971208989971e-10	0.2497461	0.9631822	0.0036332416	0.11365242	75	4500000000.0
8.046861185424847e-10	0.2520243	0.962608	0.0037590736	0.114350356	75	4500000000.0
8.105377230135143e-10	0.25514287	0.9618103	0.003838334	0.11516344	75	4500000000.0
8.149269552436766e-10	0.2574971	0.96119946	0.0038300932	0.11567015	75	4500000000.0
8.193162412980712e-10	0.2598246	0.96058834	0.0037637183	0.11607898	75	4500000000.0
8.251700549002192e-10	0.26282614	0.95978934	0.003586263	0.11646432	75	4500000000.0
8.295591334721992e-10	0.2649554	0.9592151	0.0033888451	0.1166263	75	4500000000.0
8.354100887537257e-10	0.26757076	0.9585016	0.003045069	0.11667444	75	4500000000.0
8.397993451532851e-10	0.26932645	0.95801735	0.0027314	0.11658685	75	4500000000.0
8.44188453597682e-10	0.27087474	0.9575866	0.0023748213	0.116399154	75	4500000000.0
8.50039917258272e-10	0.27257532	0.9571094	0.0018416252	0.1159997	75	4500000000.0
8.544290541895515e-10	0.27355188	0.95683324	0.001405848	0.11559679	75	4500000000.0
8.602821956299218e-10	0.2744251	0.95658433	0.00078910287	0.1149381	75	4500000000.0
8.646710531917889e-10	0.27474353	0.9564921	0.0003088696	0.11436342	75	4500000000.0
8.705218525306323e-10	0.27470782	0.95649946	-0.00034128164	0.11350412	75	4500000000.0
8.749103414371851e-10	0.27433428	0.95660275	-0.00082675245	0.11280255	75	4500000000.0
8.792988925755131e-10	0.27366748	0.9567884	-0.0013020129	0.11206038	75	4500000000.0
8.85149886618432e-10	0.27233788	0.9571581	-0.0019069226	0.11102154	75	4500000000.0
8.895382805524743e-10	0.27102786	0.9575208	-0.0023297367	0.11021596	75	4500000000.0
8.953916350300483e-10	0.2688985	0.9581061	-0.002839545	0.109123535	75	4500000000.0
8.997803765662951e-10	0.26704565	0.9586108	-0.003173077	0.10861006	75	4500000000.0
9.041689735850098e-10	0.2650035	0.95916224	-0.0034586282	0.10906495	75	4500000000.0
9.100195232912793e-10	0.26204	0.9599533	-0.0037564784	0.10962317	75	4500000000.0
9.144080203090196e-10	0.25968012	0.9605755	-0.0039127567	0.10999791	75	4500000000.0
9.202582938514198e-10	0.2564207	0.96142364	-0.0040262644	0.11042332	75	4500000000.0
9.246466259891147e-10	0.25394	0.96206015	-0.0040381304	0.11068696	75	4500000000.0
9.304995618308189e-10	0.25065753	0.9628914	-0.003955322	0.11096019	75	4500000000.0
9.348880800137949e-10	0.24826649	0.9634887	-0.003820258	0.111108124	75	4500000000.0
9.392764600293389e-10	0.24597788	0.96405405	-0.0036247552	0.111213975	75	4500000000.0
9.451268576666717e-10	0.24314903	0.96474487	-0.0032753982	0.11129558	75	4500000000.0
9.495152530453287e-10	0.24123785	0.9652068	-0.0029520825	0.11131973	75	4500000000.0
9.553657380293342e-10	0.23902923	0.965736	-0.0024490422	0.111311674	75	4500000000.0
9.597539707248847e-10	0.23766169	0.9660618	-0.002025467	0.111280546	75	4500000000.0
9.641422836349316e-10	0.23656684	0.9663222	-0.0015696351	0.11123277	75	4500000000.0
9.699952776065482e-10	0.23556088	0.96656215	-0.00092402234	0.11114413	75	4500000000.0
9.743839595843086e-10	0.23516312	0.966659	-0.00042163042	0.111058116	75	4500000000.0
9.802351719787158e-10	0.23512033	0.9666754	0.00025755382	0.110914975	75	4500000000.0
9.846240903516722e-10	0.23545478	0.9666027	0.00076368835	0.11077919	75	4500000000.0
9.904755456130835e-10	0.23637955	0.96639353	0.0014191058	0.11055468	75	4500000000.0
9.948646204421838e-10	0.23741838	0.9661547	0.001886336	0.11034433	75	4500000000.0
9.992536536676197e-10	0.23873544	0.9658484	0.0023246524	0.11009506	75	4500000000.0
1.005107128191891e-09	0.24088894	0.9653408	0.0028527442	0.11071609	75	4500000000.0
1.0094957390338128e-09	0.24276856	0.9648917	0.00319856	0.11172889	75	4500000000.0
1.0153467524086176e-09	0.24557266	0.96421206	0.003582909	0.11303213	75	4500000000.0
1.0197355724440134e-09	0.24785763	0.9636498	0.0038080704	0.11395109	75	4500000000.0
1.0241244645704893e-09	0.25025958	0.96305114	0.0039752936	0.1148003	75	4500000000.0
1.029975226700287e-09	0.2535797	0.96221024	0.0041039116	0.11580229	75	4500000000.0
1.034364277132668e-09	0.25610974	0.9615595	0.004127756	0.116438664	75	4500000000.0
1.040217411096543e-09	0.2594632	0.96068364	0.0040618996	0.1171165	75	4500000000.0
1.044605992093206e-09	0.2619126	0.9600344	0.0039401613	0.11748829	75	4500000000.0
1.0504572796766104e-09	0.26502118	0.9591987	0.0036846402	0.117797054	75	4500000000.0
1.0548462761396518e-09	0.26718906	0.9586084	0.003426595	0.117887795	75	4500000000.0
1.0592353745519493e-09	0.2691796	0.9580608	0.0031156766	0.11786043	75	4500000000.0
1.0650864038648965e-09	0.27150533	0.95741415	0.0026268421	0.1176509	75	4500000000.0
1.0694753828807003e-09	0.27296913	0.9570034	0.0022112906	0.11737179	75	4500000000.0
1.0753287383401972e-09	0.2745034	0.9565694	0.0016034778	0.11685198	75	4500000000.0
1.0797175111469417e-09	0.27531692	0.9563376	0.0011162817	0.116361685	75	4500000000.0
1.0841061892378797e-09	0.27582645	0.95619136	0.00061016815	0.1157961	75	4500000000.0
1.0899575274360025e-09	0.27601838	0.95613456	-8.086052e-05	0.11493499	75	4500000000.0
1.0943461640736245e-09	0.27579227	0.95619696	-0.0006011015	0.11422178	75	4500000000.0
1.1001967397415598e-09	0.27500156	0.95641863	-0.0012820374	0.113190554	75	4500000000.0
1.1045855506318056e-09	0.27405128	0.9566848	-0.0017730664	0.11236485	75	4500000000.0
1.110438497042575e-09	0.2723326	0.95716363	-0.0023868026	0.11120806	75	4500000000.0
1.1148271545522006e-09	0.2707295	0.95760727	-0.0028066363	0.11030643	75	4500000000.0
1.1192161056218993e-09	0.26888242	0.95811427	-0.0031843004	0.10938428	75	4500000000.0
1.1250671361709853e-09	0.266089	0.9588728	-0.0036115467	0.108838566	75	4500000000.0
1.1294557488255576e-09	0.2637864	0.95949084	-0.0038679182	0.109452516	75	4500000000.0
1.1353059016252641e-09	0.2605074	0.96035916	-0.0041159894	0.110180736	75	4500000000.0
1.1396942083241244e-09	0.2579398	0.96102965	-0.004227609	0.110649176	75	4500000000.0
1.145546892420278e-09	0.25444743	0.96192837	-0.004273265	0.11115649	75	4500000000.0
1.149935401012194e-09	0.25183114	0.96259177	-0.0042291	0.11144788	75	4500000000.0
1.1543239573545867e-09	0.24926284	0.9632351	-0.004118211	0.11166579	75	4500000000.0
1.1601748850043103e-09	0.2459837	0.96404505	-0.0038695491	0.11185018	75	4500000000.0
1.1645631596566849e-09	0.24368392	0.9646056	-0.003611163	0.11191958	75	4500000000.0
1.1704137553762193e-09	0.24090041	0.96527636	-0.003178563	0.11194253	75	4500000000.0
1.1748021744389234e-09	0.23906796	0.96571356	-0.0027946762	0.11191852	75	4500000000.0
1.1791909606504937e-09	0.23748727	0.96608824	-0.0023665703	0.1118678	75	4500000000.0
1.1850439837794195e-09	0.23581438	0.96648324	-0.0017387943	0.11177699	75	4500000000.0
1.189432711518029e-09	0.23491229	0.9666963	-0.0012351952	0.11169681	75	4500000000.0
1.1952842487162725e-09	0.23420642	0.9668654	-0.0005351283	0.1115775	75	4500000000.0
1.199672907970786e-09	0.23406047	0.966904	6.0979585e-07	0.111480035	75	4500000000.0
1.2055228819917481e-09	0.23438102	0.9668368	0.0007129784	0.11133421	75	4500000000.0
1.2099113252350723e-09	0.23500277	0.96669835	0.0012352377	0.11120431	75	4500000000.0
1.2142998121497212e-09	0.23594062	0.96648556	0.0017380858	0.11104844	75	4500000000.0
1.2201527564993949e-09	0.23765686	0.9660905	0.002365205	0.11078727	75	4500000000.0
1.224541567726548e-09	0.23926629	0.96571505	0.0027935042	0.11054063	75	4500000000.0
1.230393344445592e-09	0.24179412	0.9651167	0.0032963436	0.11049847	75	4500000000.0
1.234782421807109e-09	0.24393806	0.96460164	0.003614985	0.11164279	75	4500000000.0
1.2391714685579141e-09	0.24625778	0.964037	0.0038781313	0.11274959	75	4500000000.0
1.2450224804817514e-09	0.24956124	0.9632197	0.0041360417	0.114132315	75	4500000000.0
1.2494112809207224e-09	0.25214797	0.9625691	0.004256147	0.11507263	75	4500000000.0
1.2552644768833859e-09	0.25566775	0.96166945	0.0043151584	0.11617415	75	4500000000.0
1.2596531856971088e-09	0.25830707	0.9609838	0.004282725	0.11686424	75	4500000000.0
1.2655049824022658e-09	0.2617502	0.96007544	0.004138165	0.11758791	75	4500000000.0
1.2698940966695906e-09	0.26422492	0.9594127	0.003955797	0.11797594	75	4500000000.0
1.2742829773178171e-09	0.26656526	0.9587785	0.0037129286	0.118226856	75	4500000000.0
1.2801332357840368e-09	0.2694152	0.9579963	0.0033013355	0.11835665	75	4500000000.0
1.2845219631536047e-09	0.27130875	0.95747066	0.002932497	0.11830516	75	4500000000.0
1.290375112719615e-09	0.27345315	0.9568697	0.002370711	0.118050866	75	4500000000.0
1.2947640369922087e-09	0.2747434	0.95650506	0.0019051023	0.117735155	75	4500000000.0
1.2991525682361152e-09	0.27573854	0.9562222	0.0014091308	0.11732342	75	4500000000.0
1.3050045817359139e-09	0.27658004	0.95598143	0.00071330386	0.11664218	75	4500000000.0
1.3093927246497306e-09	0.2768334	0.95590824	0.00017586835	0.11604706	75	4500000000.0
1.3152432833289907e-09	0.2766586	0.9559565	-0.00054606516	0.115158774	75	4500000000.0
1.3196319960718877e-09	0.276144	0.95610166	-0.0010808883	0.11443182	75	4500000000.0
1.3254853227015594e-09	0.27495876	0.95643544	-0.0017694546	0.11339144	75	4500000000.0
1.329873988704702e-09	0.273712	0.9567851	-0.0022566703	0.11256667	75	4500000000.0
1.3342627203723798e-09	0.2721779	0.9572122	-0.002710365	0.11171018	75	4500000000.0
1.3401143685373392e-09	0.26972494	0.95788944	-0.0032506334	0.110525504	75	4500000000.0
1.3445030138418023e-09	0.2676152	0.95846534	-0.0035987978	0.109612815	75	4500000000.0
1.3503530162325978e-09	0.26450348	0.9593042	-0.0039759995	0.108420186	75	4500000000.0
1.3547417942851762e-09	0.2619906	0.9599727	-0.0041876556	0.10913995	75	4500000000.0
1.35913006484167e-09	0.259368	0.96066165	-0.004334044	0.109799005	75	4500000000.0
1.3649826296940076e-09	0.25576976	0.9615928	-0.00442347	0.1105644	75	4500000000.0
1.3693709375297978e-09	0.25305122	0.96228564	-0.004409523	0.11104091	75	4500000000.0
1.3752216132629232e-09	0.24948087	0.96318156	-0.0042830496	0.111538954	75	4500000000.0
1.3796096938486146e-09	0.24689865	0.96381986	-0.004109079	0.111813866	75	4500000000.0
1.3854592798324546e-09	0.24366188	0.9646091	-0.0037768339	0.11205185	75	4500000000.0
1.3898475008043808e-09	0.24143815	0.96514416	-0.0034574382	0.11215149	75	4500000000.0
1.3942361476255623e-09	0.23942918	0.9656232	-0.0030834426	0.1121893	75	4500000000.0
1.4000887758667752e-09	0.2371395	0.9661641	-0.0025102596	0.112171724	75	4500000000.0
1.404477112612541e-09	0.2357502	0.96649027	-0.0020336187	0.11211794	75	4500000000.0
1.4103290235297147e-09	0.23437625	0.9668125	-0.0013500268	0.112012394	75	4500000000.0
1.414717444959823e-09	0.23372588	0.96696615	-0.0008120132	0.111919045	75	4500000000.0
1.4191061398024786e-09	0.23341289	0.96704245	-0.00026167798	0.11181546	75	4500000000.0
1.4249563581817523e-09	0.23352759	0.9670225	0.0004760234	0.11166847	75	4500000000.0
1.4293452273754993e-09	0.2340104	0.9669165	0.0010212822	0.11154645	75	4500000000.0
1.4351978027826086e-09	0.23516816	0.9666559	0.0017213891	0.11136371	75	4500000000.0
1.439586823267822e-09	0.23640348	0.9663736	0.0022156872	0.11120001	75	4500000000.0
1.4454392467892183e-09	0.23850253	0.9658873	0.0028194843	0.11093382	75	4500000000.0
1.4498280520180018e-09	0.24038304	0.96544516	0.003221931	0.11068696	75	4500000000.0
1.45421708001158e-09	0.24249375	0.964943	0.0035744843	0.11039194	75	4500000000.0
1.4600675469875062e-09	0.24560747	0.9641901	0.003957908	0.11163744	75	4500000000.0
1.4644564232860597e-09	0.24812147	0.9635722	0.004175167	0.11273846	75	4500000000.0
1.4703092538449036e-09	0.25163782	0.9626935	0.0043650386	0.11410824	75	4500000000.0
1.4746979296869162e-09	0.2543449	0.96200556	0.0044299033	0.115034215	75	4500000000.0
1.4805504928872749e-09	0.25797012	0.96106863	0.004411356	0.11610625	75	4500000000.0
1.484939428203749e-09	0.26064652	0.96036565	0.0043190042	0.11677066	75	4500000000.0
1.4893287470999932e-09	0.2632418	0.9596749	0.004160867	0.11730204	75	4500000000.0
1.4951791927962813e-09	0.2665069	0.95879316	0.0038520019	0.117801614	75	4500000000.0
1.499568410302417e-09	0.26876292	0.95817566	0.0035511157	0.11801341	75	4500000000.0
1.5054211160428564e-09	0.27144814	0.95743185	0.0030660592	0.11808578	75	4500000000.0
1.5098101890177487e-09	0.2731801	0.95694715	0.0026463578	0.117991135	75	4500000000.0
1.5141988537183134e-09	0.2746407	0.9565351	0.0021855596	0.117777266	75	4500000000.0
1.5200517560275184e-09	0.27612868	0.9561125	0.0015188812	0.11732597	75	4500000000.0
1.5244408436807504e-09	0.27687702	0.9558985	0.0009894903	0.11687651	75	4500000000.0
1.5302914387454225e-09	0.2773619	0.955759	0.00025965206	0.116153575	75	4500000000.0
1.5346805549378945e-09	0.27733287	0.9557663	-0.00029526788	0.115534246	75	4500000000.0
1.5405333928091739e-09	0.27676934	0.95592576	-0.0010290089	0.11462168	75	4500000000.0
1.5449223904788137e-09	0.27596018	0.95615464	-0.0015635515	0.113885015	75	4500000000.0
1.549311152118117e-09	0.27483174	0.95647264	-0.002075347	0.11310979	75	4500000000.0
1.5551636119592273e-09	0.27285883	0.9570246	-0.00270861	0.11202999	75	4500000000.0
1.5595523021213377e-09	0.27105647	0.9575243	-0.003136771	0.11119195	75	4500000000.0
1.5654023322716264e-09	0.26827455	0.9582875	-0.0036321452	0.11004622	75	4500000000.0
1.5697910522818014e-09	0.26594368	0.95891905	-0.003939384	0.109174415	75	4500000000.0
1.5741795717331034e-09	0.263443	0.9595888	-0.0041856826	0.10829949	75	4500000000.0
1.580031370488186e-09	0.25991115	0.960521	-0.0044123223	0.10916676	75	4500000000.0
1.5844196351293193e-09	0.25716776	0.9612342	-0.0045021693	0.10979846	75	4500000000.0
1.5902712875251024e-09	0.2534646	0.9621817	-0.0045120646	0.11053306	75	4500000000.0
1.5946596174398122e-09	0.2507104	0.9628754	-0.004436694	0.110991955	75	4500000000.0
1.6005091144179066e-09	0.24715233	0.96375793	-0.00422795	0.11147628	75	4500000000.0
1.604897116055098e-09	0.24462304	0.96437603	-0.003993283	0.11174386	75	4500000000.0
1.6092855088567102e-09	0.24225834	0.96494716	-0.0036956852	0.111935586	75	4500000000.0
1.615137339208451e-09	0.23942609	0.965623	-0.0032093269	0.11208596	75	4500000000.0
1.6195261003379993e-09	0.2375866	0.96605754	-0.0027850203	0.11213179	75	4500000000.0
1.6253786813449493e-09	0.23556866	0.96653074	-0.0021527312	0.11212006	75	4500000000.0
1.6297673114571883e-09	0.2344128	0.9668009	-0.0016386283	0.11207051	75	4500000000.0
1.6341561593098343e-09	0.23358376	0.96699506	-0.0010993237	0.111996405	75	4500000000.0
1.6400065346264196e-09	0.23300827	0.96713245	-0.00035613656	0.111866735	75	4500000000.0
1.6443952866262232e-09	0.23298214	0.96714324	0.00020817462	0.11175135	75	4500000000.0
1.6502474762610705e-09	0.23348805	0.96703374	0.0009529013	0.1115775	75	4500000000.0
1.654636078750877e-09	0.23426446	0.96686023	0.0014942995	0.11142698	75	4500000000.0
1.6604887024429405e-09	0.23580493	0.96651036	0.0021776727	0.11119518	75	4500000000.0
1.6648772786001867e-09	0.23731454	0.96616256	0.0026509913	0.11098926	75	4500000000.0
1.6692661580702962e-09	0.23910168	0.965746	0.003082824	0.110747375	75	4500000000.0
1.6751167247325242e-09	0.24186595	0.9650918	0.0035828575	0.11036489	75	4500000000.0
1.6795056866499092e-09	0.24418393	0.9645347	0.0038940534	0.11095104	75	4500000000.0
1.685357983716751e-09	0.2475318	0.96371686	0.0042151175	0.11238718	75	4500000000.0
1.6897468493555007e-09	0.25018495	0.9630575	0.0043809894	0.11340724	75	4500000000.0
1.6941355949228303e-09	0.2529148	0.9623692	0.0044799605	0.11435506	75	4500000000.0
1.699988483182088e-09	0.25660264	0.9614234	0.00450566	0.11547632	75	4500000000.0
1.7043774007476102e-09	0.25934902	0.9607073	0.0044449805	0.1161906	75	4500000000.0
1.7102273430245304e-09	0.26290503	0.95976484	0.004259408	0.11695469	75	4500000000.0
1.7146162012801175e-09	0.2654423	0.95908207	0.0040443637	0.11737586	75	4500000000.0
1.7204680244976174e-09	0.26857853	0.9582265	0.0036625923	0.117728055	75	4500000000.0
1.7248568387289846e-09	0.27069968	0.95764035	0.0033104636	0.11783559	75	4500000000.0
1.7292454193439005e-09	0.2725869	0.95711386	0.002907642	0.11781226	75	4500000000.0
1.7350984975985775e-09	0.27469143	0.9565212	0.0023018462	0.11759198	75	4500000000.0
1.7394876020123152e-09	0.27592903	0.95616984	0.0018048717	0.11729439	75	4500000000.0
1.7453386061991947e-09	0.27708897	0.9558385	0.0010994788	0.1167461	75	4500000000.0
1.749727627262667e-09	0.27757382	0.9556989	0.000548422	0.11623327	75	4500000000.0
1.7541166611261834e-09	0.27771914	0.95565647	-1.2231786e-05	0.11564484	75	4500000000.0
1.7599689871897158e-09	0.27738023	0.9557519	-0.00076001044	0.11476542	75	4500000000.0
1.7643578748966914e-09	0.27673042	0.955936	-0.0013098144	0.11404488	75	4500000000.0
1.7702106311151064e-09	0.2753531	0.9563249	-0.0020121823	0.11302104	75	4500000000.0
1.7745996374398877e-09	0.2739564	0.956717	-0.002505099	0.11221432	75	4500000000.0
1.7804498718239018e-09	0.27164847	0.9573594	-0.0031022888	0.11109791	75	4500000000.0
1.78483887501302e-09	0.26961562	0.9579194	-0.0034961393	0.11024035	75	4500000000.0
1.7892278128765222e-09	0.26735792	0.95853513	-0.0038363899	0.10937227	75	4500000000.0
1.7950790509845733e-09	0.26405814	0.95942307	-0.0041971565	0.10833091	75	4500000000.0
1.799467542541545e-09	0.2614149	0.96012425	-0.00439228	0.10899649	75	4500000000.0
1.8053197302254108e-09	0.25774324	0.9610833	-0.0045455773	0.109807715	75	4500000000.0
1.8097079767534857e-09	0.25493556	0.96180534	-0.0045777555	0.11034378	75	4500000000.0
1.8155579050597092e-09	0.25120366	0.96274966	-0.0045090616	0.1109462	75	4500000000.0
1.8199465544605825e-09	0.24846938	0.9634307	-0.0043747216	0.11130952	75	4500000000.0
1.824335037748501e-09	0.24583946	0.96407735	-0.0041715936	0.111594096	75	4500000000.0
1.8301865237698079e-09	0.24256675	0.96487063	-0.0037994354	0.11186032	75	4500000000.0
1.8345750332287151e-09	0.24033831	0.96540403	-0.0034501203	0.111982	75	4500000000.0
1.8404277476868177e-09	0.2377351	0.96602035	-0.002901281	0.112057716	75	4500000000.0
1.8448164906314156e-09	0.23609966	0.9664041	-0.002436082	0.11205878	75	4500000000.0
1.8492052795965842e-09	0.23476467	0.96671623	-0.0019331372	0.112024665	75	4500000000.0
1.8550555754208214e-09	0.2334877	0.9670148	-0.0012179998	0.11193506	75	4500000000.0
1.8594443682467131e-09	0.23292598	0.96714765	-0.00065905444	0.11184217	75	4500000000.0
1.8652956717169086e-09	0.23272131	0.96720076	9.929575e-05	0.11169253	75	4500000000.0
1.869684352408026e-09	0.23297833	0.9671471	0.00066635764	0.11156091	75	4500000000.0
1.8755372968279504e-09	0.23385973	0.96695185	0.0014035245	0.111355126	75	4500000000.0
1.8799257522706137e-09	0.23491009	0.9667149	0.0019308667	0.11117368	75	4500000000.0
1.8843142534573443e-09	0.23627564	0.96640295	0.0024274755	0.11096504	75	4500000000.0
1.8901641200968163e-09	0.2385473	0.9658764	0.0030287607	0.110632986	75	4500000000.0
1.894552536671308e-09	0.24055485	0.9654042	0.00342555	0.11033458	75	4500000000.0
1.9004037246442202e-09	0.24357606	0.9646825	0.0038710688	0.111074254	75	4500000000.0
1.9047923359910796e-09	0.24605456	0.9640806	0.004136248	0.11215841	75	4500000000.0
1.909181117540898e-09	0.24867268	0.96343553	0.0043379837	0.113197416	75	4500000000.0
1.9150340863403896e-09	0.25231144	0.9625234	0.0045034857	0.11447931	75	4500000000.0
1.9194230213609844e-09	0.25509623	0.9618131	0.004547744	0.11533916	75	4500000000.0
1.9252737942068078e-09	0.2588028	0.9608516	0.004499319	0.11632266	75	4500000000.0
1.9296629348700086e-09	0.26152453	0.9601339	0.00438323	0.116920464	75	4500000000.0
1.9355145329126934e-09	0.26499662	0.959204	0.00412551	0.117519304	75	4500000000.0
1.9399033427681825e-09	0.2674326	0.9585419	0.0038587595	0.117811754	75	4500000000.0
1.9442917656602696e-09	0.26968336	0.9579233	0.0035333869	0.11796835	75	4500000000.0
1.950144993333994e-09	0.27233952	0.95718455	0.003016561	0.11797342	75	4500000000.0
1.954533750255006e-09	0.274033	0.95670867	0.002574332	0.117831536	75	4500000000.0
1.960384590514117e-09	0.27584466	0.9561953	0.0019242604	0.11746541	75	4500000000.0
1.9647735464110035e-09	0.27684224	0.9559104	0.0014005858	0.11707008	75	4500000000.0
1.969162430205322e-09	0.2775125	0.95571804	0.00085466343	0.11658377	75	4500000000.0
1.9750139223736e-09	0.27787927	0.9556117	0.000106376996	0.11581312	75	4500000000.0
1.9794030327986246e-09	0.27775303	0.9556468	-0.00045923438	0.11515618	75	4500000000.0
1.9852564688207486e-09	0.27705127	0.9558454	-0.0012029402	0.11419353	75	4500000000.0
1.989645315561717e-09	0.2761344	0.95610476	-0.001741479	0.113415666	75	4500000000.0
1.9954960684446147e-09	0.27441618	0.9565881	-0.0024180603	0.11232391	75	4500000000.0
1.9998846860290247e-09	0.2727796	0.95704514	-0.0028842092	0.111467175	75	4500000000.0
2.0042730992908766e-09	0.27087155	0.9575735	-0.0033066121	0.11058925	75	4500000000.0
2.0101242655709043e-09	0.2679549	0.958372	-0.0037901842	0.10939084	75	4500000000.0
2.0145128676534996e-09	0.26553068	0.9590273	-0.0040855194	0.108483516	75	4500000000.0
2.020365577111196e-09	0.26205254	0.9599542	-0.0043802955	0.10917223	75	4500000000.0
2.02475413310567e-09	0.25931275	0.9606734	-0.004522233	0.10979846	75	4500000000.0
2.0291430342707814e-09	0.25650695	0.96140003	-0.004593575	0.11035839	75	4500000000.0
2.0349935840622836e-09	0.2527402	0.96236026	-0.004576803	0.11099087	75	4500000000.0
2.0393820944718795e-09	0.24995248	0.96305954	-0.0044804043	0.11136907	75	4500000000.0
2.045232686565266e-09	0.24636964	0.9639445	-0.0042429	0.11175135	75	4500000000.0
2.0496206517843816e-09	0.24383798	0.9645607	-0.003986659	0.11194733	75	4500000000.0
2.0554731298104952e-09	0.240745	0.96530366	-0.0035484622	0.11210248	75	4500000000.0
2.0598614431110773e-09	0.23868619	0.9657924	-0.0031544177	0.11215149	75	4500000000.0
2.064249938150784e-09	0.236887	0.96621597	-0.002711199	0.11215096	75	4500000000.0
2.070100690812712e-09	0.23494075	0.96667147	-0.0020562483	0.11209556	75	4500000000.0
2.0744894532129157e-09	0.23384978	0.96692634	-0.0015271171	0.112022534	75	4500000000.0
2.0803405639353112e-09	0.23291941	0.96714514	-0.0007872615	0.11189663	75	4500000000.0
2.0847293211083157e-09	0.23262821	0.96721655	-0.00021791096	0.111781806	75	4500000000.0
2.089118447615108e-09	0.23269062	0.9672076	0.00035388372	0.11165563	75	4500000000.0
2.0949718806657873e-09	0.23332028	0.9670708	0.0011047309	0.11146342	75	4500000000.0
2.099360648814274e-09	0.23419155	0.9668761	0.0016476098	0.11129718	75	4500000000.0
2.1052115003737046e-09	0.23585762	0.9664978	0.0023287558	0.1110323	75	4500000000.0
2.109600203309972e-09	0.23745942	0.9661289	0.002797687	0.110795364	75	4500000000.0
2.1154511439489986e-09	0.2400158	0.9655312	0.0033535117	0.11041141	75	4500000000.0
2.119840144068999e-09	0.24220966	0.9650103	0.003710424	0.1105228	75	4500000000.0
2.12422909684531e-09	0.24460235	0.96443427	0.0040099937	0.11166205	75	4500000000.0
2.1300821854141485e-09	0.24803792	0.96359307	0.0043129264	0.113119826	75	4500000000.0
2.1344708608356092e-09	0.25074568	0.9629186	0.0044634794	0.11414174	75	4500000000.0
2.1403217474367927e-09	0.2544524	0.961979	0.004558162	0.11537022	75	4500000000.0
2.1447108258830943e-09	0.25725064	0.96125746	0.004548471	0.11617054	75	4500000000.0
2.150561753919806e-09	0.26092377	0.96029425	0.004428455	0.11705017	75	4500000000.0
2.154950657015888e-09	0.26358226	0.9595859	0.004259942	0.11755895	75	4500000000.0
2.1593396308169864e-09	0.26611343	0.9589027	0.0040268903	0.11793036	75	4500000000.0
2.1651933901034113e-09	0.2692255	0.95805115	0.0036217635	0.11821068	75	4500000000.0
2.169582440102376e-09	0.2713158	0.9574719	0.0032531344	0.11826172	75	4500000000.0
2.175434133277978e-09	0.27371913	0.9567987	0.002685521	0.1181308	75	4500000000.0
2.1798232691895887e-09	0.27519888	0.95638037	0.002210811	0.117891856	75	4500000000.0
2.184212008051276e-09	0.27637655	0.95604527	0.0017019256	0.117545225	75	4500000000.0
2.1900631939201054e-09	0.27744654	0.95573884	0.0009833731	0.11693374	75	4500000000.0
2.194452311534375e-09	0.2778578	0.9556201	0.00042473318	0.11637863	75	4500000000.0
2.2003058958128347e-09	0.27787137	0.9556148	-0.00033051244	0.115527526	75	4500000000.0
2.2046944731511624e-09	0.2774793	0.9557256	-0.0008932485	0.11482163	75	4500000000.0
2.2105455857769998e-09	0.27643022	0.9560226	-0.001622491	0.11380211	75	4500000000.0
2.214934321838502e-09	0.2752628	0.9563517	-0.0021427264	0.1129909	75	4500000000.0
2.2193227367114107e-09	0.27378762	0.95676523	-0.0026309318	0.11214297	75	4500000000.0
2.2251725013806096e-09	0.27138063	0.9574339	-0.00321873	0.11096935	75	4500000000.0
2.2295605919936887e-09	0.26927948	0.9580115	-0.0036032933	0.110063046	75	4500000000.0
2.2354131975406126e-09	0.26614267	0.95886296	-0.004029209	0.10883253	75	4500000000.0
2.2398014000112216e-09	0.2635865	0.95954746	-0.004276555	0.10878423	75	4500000000.0
2.2441897307359067e-09	0.26089853	0.9602581	-0.0044575483	0.109481975	75	4500000000.0
2.2500406826221546e-09	0.25718194	0.9612257	-0.0045905192	0.11031346	75	4500000000.0
2.2544292779846023e-09	0.25435093	0.961951	-0.0046067154	0.11084603	75	4500000000.0
2.260279238222856e-09	0.2506037	0.96289593	-0.0045162085	0.11142162	75	4500000000.0
2.2646678978126887e-09	0.2478698	0.9635743	-0.004365489	0.11175135	75	4500000000.0
2.2705209412055014e-09	0.24440886	0.96442044	-0.0040584514	0.11205878	75	4500000000.0
2.2749093928039586e-09	0.24200605	0.965	-0.0037534921	0.11219941	75	4500000000.0
2.2792979618132525e-09	0.23981042	0.9655236	-0.0033897948	0.11227338	75	4500000000.0
2.2851492177999985e-09	0.23726489	0.96612483	-0.0028237535	0.11228668	75	4500000000.0
2.2895376960493945e-09	0.23568122	0.96649593	-0.0023472195	0.11224678	75	4500000000.0
2.295387972780715e-09	0.23405106	0.96687645	-0.0016571538	0.112145096	75	4500000000.0
2.299776847971667e-09	0.2332137	0.9670726	-0.0011090763	0.112045996	75	4500000000.0
2.304165716497899e-09	0.23272143	0.9671898	-0.000544593	0.11193292	75	4500000000.0
2.3100190910900174e-09	0.23261361	0.96722144	0.00021834786	0.1117631	75	4500000000.0
2.314408122374054e-09	0.23294498	0.9671511	0.000786367	0.1116246	75	4500000000.0
2.320259895049786e-09	0.23392487	0.966934	0.001521519	0.111416794	75	4500000000.0
2.3246487582150936e-09	0.23504737	0.96668077	0.0020452645	0.11123599	75	4500000000.0
2.330499343825184e-09	0.23702547	0.96622753	0.002691487	0.11095051	75	4500000000.0
2.3348882003881874e-09	0.23883986	0.9658059	0.0031278243	0.11069127	75	4500000000.0
2.339277211798978e-09	0.2409059	0.96531945	0.0035153811	0.11038653	75	4500000000.0
2.3451304362519653e-09	0.24399589	0.9645801	0.0039465674	0.111171	75	4500000000.0
2.349519546339818e-09	0.24651703	0.9639668	0.0041995808	0.11231381	75	4500000000.0
2.355371251895018e-09	0.25007614	0.9630859	0.0044363174	0.11375539	75	4500000000.0
2.359760231238359e-09	0.25284073	0.96238965	0.0045352285	0.11474617	75	4500000000.0
2.3641488726488e-09	0.25563976	0.9616742	0.0045651784	0.11563968	75	4500000000.0
2.3699993620752286e-09	0.2593517	0.96070904	0.0044975043	0.11665446	75	4500000000.0
2.3743885851307006e-09	0.2620673	0.9599912	0.0043671248	0.11726587	75	4500000000.0
2.38024183261859e-09	0.26551875	0.95906454	0.0040908884	0.117868535	75	4500000000.0
2.384630713218271e-09	0.26792893	0.9584082	0.0038110353	0.11815609	75	4500000000.0
2.3904829051037907e-09	0.27083716	0.9576059	0.003348804	0.11832434	75	4500000000.0
2.3948719094391034e-09	0.27274668	0.957073	0.0029419754	0.11829152	75	4500000000.0
2.3992605916490038e-09	0.27439126	0.9566101	0.0024902106	0.11813333	75	4500000000.0
2.4051107898073775e-09	0.27612948	0.9561168	0.0018296913	0.11774277	75	4500000000.0
2.409499727632922e-09	0.2770673	0.9558488	0.0012999276	0.11733157	75	4500000000.0
2.4153531137280124e-09	0.2778019	0.9556376	0.0005627353	0.11664371	75	4500000000.0
2.4197421308431464e-09	0.27795434	0.95559275	-2.2726595e-06	0.11604191	75	4500000000.0
2.4241309546964903e-09	0.2777616	0.9556468	-0.0005682721	0.11537541	75	4500000000.0
2.4299829725437914e-09	0.2769721	0.9558704	-0.0013096504	0.11440416	75	4500000000.0
2.434372034755436e-09	0.27599105	0.9561476	-0.0018446117	0.113624044	75	4500000000.0
2.4402223513485505e-09	0.27419174	0.9566531	-0.0025138017	0.112526335	75	4500000000.0
2.4446107723721888e-09	0.27249885	0.9571252	-0.0029726431	0.111666866	75	4500000000.0
2.450463184753408e-09	0.269831	0.95786124	-0.0035131813	0.1104828	75	4500000000.0
2.4548514701152964e-09	0.2675619	0.95848006	-0.0038565318	0.109574124	75	4500000000.0
2.4592398611276044e-09	0.2651004	0.9591439	-0.004140508	0.10865569	75	4500000000.0
2.4650912549497985e-09	0.26158434	0.9600783	-0.0044188425	0.109149255	75	4500000000.0
2.469479351382947e-09	0.25882486	0.96080065	-0.0045478204	0.10983001	75	4500000000.0
2.4753289209230716e-09	0.25506407	0.9617694	-0.004609244	0.11062164	75	4500000000.0
2.4797171107115858e-09	0.25223824	0.962486	-0.004571279	0.111118875	75	4500000000.0
2.484105278086073e-09	0.24945787	0.9631814	-0.0044617057	0.11152503	75	4500000000.0
2.4899571002438816e-09	0.24589638	0.96405846	-0.004207218	0.11192865	75	4500000000.0
2.494345103711776e-09	0.24339019	0.96466666	-0.0039390307	0.11213232	75	4500000000.0
2.5001965920176366e-09	0.24034278	0.96539694	-0.0034863742	0.112287216	75	4500000000.0
2.5045848841263544e-09	0.23832525	0.9658747	-0.0030827024	0.11232604	75	4500000000.0
2.5104347489870043e-09	0.2360533	0.96640825	-0.002471325	0.11230157	75	4500000000.0
2.5148231791927974e-09	0.23469685	0.96672505	-0.0019672646	0.112238266	75	4500000000.0
2.5192118036906373e-09	0.23366259	0.9669665	-0.0014331496	0.11214883	75	4500000000.0
2.5250644302701304e-09	0.23281147	0.9671672	-0.0006888851	0.11200067	75	4500000000.0
2.5294531376680378e-09	0.23258163	0.9672248	-0.00011826212	0.1118742	75	4500000000.0
2.5353051094097474e-09	0.23282526	0.96717626	0.000642276	0.11169093	75	4500000000.0
2.539693940467689e-09	0.2334158	0.9670467	0.0012008866	0.11153949	75	4500000000.0
2.545544202874888e-09	0.23472746	0.96675235	0.00191345	0.11130952	75	4500000000.0
2.5499328921574078e-09	0.23608382	0.9664434	0.002413365	0.1111092	75	4500000000.0
2.5543214501439972e-09	0.2377355	0.9660624	0.0028751427	0.11087835	75	4500000000.0
2.560174322512811e-09	0.24035151	0.96545005	0.0034198451	0.11050767	75	4500000000.0
2.5645635023766967e-09	0.24258302	0.9649194	0.0037671428	0.11029451	75	4500000000.0
2.570415993671158e-09	0.24585174	0.9641291	0.0041390327	0.111837365	75	4500000000.0
2.5748049667187146e-09	0.24847353	0.9634844	0.0043443535	0.112946495	75	4500000000.0
2.5791935682742966e-09	0.25119644	0.96280473	0.0044833156	0.11399249	75	4500000000.0
2.585043834697385e-09	0.2549118	0.96186113	0.0045622713	0.11525107	75	4500000000.0
2.5894327200552204e-09	0.25770822	0.9611385	0.0045408267	0.11607177	75	4500000000.0
2.595285653535079e-09	0.26136926	0.9601767	0.004405459	0.11697818	75	4500000000.0
2.599674555030851e-09	0.2640098	0.9594719	0.0042259605	0.11750303	75	4500000000.0
2.6055273187805536e-09	0.267316	0.9585762	0.0038877474	0.117986076	75	4500000000.0
2.60991654081551e-09	0.26958618	0.9579527	0.0035648749	0.1181849	75	4500000000.0
2.6143056456925745e-09	0.27163875	0.95738316	0.0031878988	0.11824353	75	4500000000.0
2.6201557358148075e-09	0.27398407	0.9567255	0.002611019	0.118120685	75	4500000000.0
2.6245445406006986e-09	0.2754163	0.95632005	0.0021306793	0.11788577	75	4500000000.0
2.6303970427619043e-09	0.2768487	0.9559118	0.0014402058	0.11740538	75	4500000000.0
2.63478538925379e-09	0.27754334	0.9557125	0.00089499966	0.116934255	75	4500000000.0
2.6391740935634684e-09	0.2779003	0.9556093	0.0003352223	0.11638222	75	4500000000.0
2.6450264627489717e-09	0.2778413	0.9556247	-0.00041926632	0.11553838	75	4500000000.0
2.649415024955903e-09	0.2773958	0.9557506	-0.000979929	0.114836715	75	4500000000.0
2.6552652983513958e-09	0.27627838	0.9560667	-0.0017042182	0.11382835	75	4500000000.0
2.6596536609283843e-09	0.2750628	0.95640904	-0.0022192881	0.11302685	75	4500000000.0
2.665505443280462e-09	0.27297208	0.9569937	-0.002853182	0.11190624	75	4500000000.0
2.6698937084190154e-09	0.2710818	0.95751745	-0.0032791037	0.111036606	75	4500000000.0
2.6742816077228213e-09	0.26894638	0.95810336	-0.0036550025	0.11014712	75	4500000000.0
2.6801336281111155e-09	0.26577282	0.9589633	-0.00406817	0.108939484	75	4500000000.0
2.6845220338342153e-09	0.26319566	0.959652	-0.004305322	0.10864139	75	4500000000.0
2.690371348357019e-09	0.25957286	0.96060574	-0.0045170975	0.10957522	75	4500000000.0
2.694759631367597e-09	0.2567686	0.9613326	-0.004594214	0.11019917	75	4500000000.0
2.6991479682686874e-09	0.25393873	0.96205604	-0.0045995945	0.11074791	75	4500000000.0
2.7050001066405184e-09	0.25020173	0.96299624	-0.0044949423	0.11134548	75	4500000000.0
2.709388897213567e-09	0.24748392	0.9636694	-0.0043340903	0.11169307	75	4500000000.0
2.71524151118291e-09	0.24405421	0.9645065	-0.004014517	0.11202093	75	4500000000.0
2.719630416152682e-09	0.24168092	0.9650776	-0.0037010119	0.112173855	75	4500000000.0
2.725480671816599e-09	0.2388535	0.9657502	-0.0031942294	0.11227445	75	4500000000.0
2.729869553004756e-09	0.23702794	0.96618	-0.0027552668	0.112282425	75	4500000000.0
2.734258191204995e-09	0.23548818	0.9665405	-0.0022737053	0.11224572	75	4500000000.0
2.7401099915600698e-09	0.23392044	0.9669066	-0.0015787013	0.11214829	75	4500000000.0
2.74449833089458e-09	0.23313232	0.96709126	-0.0010286246	0.112045996	75	4500000000.0
2.750350777537276e-09	0.23262085	0.9672146	-0.0002730789	0.11188649	75	4500000000.0
2.7547395096155e-09	0.23264891	0.96721345	0.00029838865	0.11175241	75	4500000000.0
2.7591282316671833e-09	0.233029	0.9671323	0.0008641186	0.111606404	75	4500000000.0
2.7649782344901774e-09	0.23407044	0.9669008	0.0015941877	0.111386776	75	4500000000.0
2.7693664829389524e-09	0.23523594	0.9666374	0.0021129192	0.111199476	75	4500000000.0
2.775218532288097e-09	0.23726667	0.9661713	0.002751157	0.11090582	75	4500000000.0
2.7796074100721876e-09	0.23911534	0.96574104	0.0031803576	0.11064324	75	4500000000.0
2.785460278796748e-09	0.24195917	0.9650689	0.0036746666	0.110224634	75	4500000000.0
2.78984923028054e-09	0.24433212	0.9644988	0.003979772	0.111159176	75	4500000000.0
2.7942380846274934e-09	0.24687022	0.9638801	0.004223707	0.11228668	75	4500000000.0
2.8000885574342886e-09	0.2504424	0.96299446	0.0044479296	0.11370444	75	4500000000.0
2.8044775843629875e-09	0.25321063	0.962296	0.004537394	0.11468055	75	4500000000.0
2.8103296337335727e-09	0.25693917	0.96133876	0.004549456	0.115829624	75	4500000000.0
2.8147182834957056e-09	0.25970867	0.9606157	0.0044781035	0.116556615	75	4500000000.0
2.819106580925008e-09	0.26240858	0.95990086	0.0043390593	0.11715884	75	4500000000.0
2.8249594178511573e-09	0.26583174	0.95898044	0.0040520877	0.11774937	75	4500000000.0
2.829348136577495e-09	0.26821536	0.9583306	0.003764953	0.118030116	75	4500000000.0
2.8351981183462147e-09	0.27108094	0.9575389	0.0032944158	0.118189454	75	4500000000.0
2.8395868026625272e-09	0.27295518	0.9570153	0.0028822967	0.11815153	75	4500000000.0
2.8454387781218116e-09	0.27503356	0.956429	0.0022654582	0.11790959	75	4500000000.0
2.849827408171317e-09	0.27624622	0.95608425	0.0017612395	0.11759299	75	4500000000.0
2.8542160786481172e-09	0.2771415	0.9558281	0.0012295899	0.11717872	75	4500000000.0
2.860069088234892e-09	0.27781844	0.95563316	0.00049160345	0.11648843	75	4500000000.0
2.864457962705972e-09	0.27792764	0.95560074	-7.272502e-05	0.11588222	75	4500000000.0
2.8703079733206103e-09	0.27753803	0.95571023	-0.00082332885	0.11497811	75	4500000000.0
2.8746968610093217e-09	0.27684897	0.9559054	-0.0013741314	0.114239566	75	4500000000.0
2.8805483131908683e-09	0.27541938	0.95630866	-0.0020759397	0.113188975	75	4500000000.0
2.8849370593446094e-09	0.273984	0.9567112	-0.0025672899	0.11235848	75	4500000000.0
2.8893257723949265e-09	0.27226016	0.957191	-0.00301999	0.11150093	75	4500000000.0
2.895178747938547e-09	0.2695572	0.95793587	-0.0035512534	0.11032159	75	4500000000.0
2.8995673822899743e-09	0.267267	0.9585596	-0.0038869616	0.10941813	75	4500000000.0
2.9054176989317403e-09	0.26392865	0.95945626	-0.0042406344	0.108509384	75	4500000000.0
2.9098061851911033e-09	0.26126015	0.96016294	-0.004429868	0.109218724	75	4500000000.0
2.914195067996511e-09	0.25849602	0.96088535	-0.0045502726	0.10987187	75	4500000000.0
2.920046398990301e-09	0.2547368	0.9618525	-0.0046002837	0.11063082	75	4500000000.0
2.9244350971632254e-09	0.25191882	0.9625658	-0.0045539453	0.111105435	75	4500000000.0
2.9302883307171052e-09	0.24824664	0.96348083	-0.004381491	0.1116048	75	4500000000.0
2.9346771595730257e-09	0.24561407	0.96412694	-0.004171795	0.11187848	75	4500000000.0
2.940527964629712e-09	0.24234469	0.9649182	-0.003791403	0.11212006	75	4500000000.0
2.944916732975293e-09	0.24012269	0.965449	-0.00343633	0.11221857	75	4500000000.0
2.949305540937081e-09	0.23813753	0.9659189	-0.003027715	0.11225636	75	4500000000.0
2.9551572187485113e-09	0.23591265	0.9664412	-0.00241107	0.11223135	75	4500000000.0
2.9595457945309983e-09	0.23459443	0.96674925	-0.0019043457	0.11216906	75	4500000000.0
2.965398804660986e-09	0.23334265	0.9670421	-0.00118488	0.112048656	75	4500000000.0
2.9697874395954894e-09	0.23280229	0.9671701	-0.0006238057	0.11193452	75	4500000000.0
2.9741759684195815e-09	0.2326125	0.9672186	-5.4048865e-05	0.11180905	75	4500000000.0
2.980026501930528e-09	0.23290794	0.9671585	0.0007036059	0.111620314	75	4500000000.0
2.9844154097193843e-09	0.23353544	0.9670206	0.0012590872	0.111463964	75	4500000000.0
2.9902671744875874e-09	0.2348931	0.9667156	0.0019662746	0.11122472	75	4500000000.0
2.994105033802402e-09	0.23608975	0.9664427	0.0024009685	0.111043595	75	4500000000.0
