,Unnamed: 0,# t (s),mx (),my (),mz (),MaxAngle (rad),phi (degree),f_RF (GHz)
2400,99601,4.980058937390794e-07,0.009029593,0.9958351,2.4514525e-06,0.07344726,90,5000000000.0
2401,99602,4.98010295339513e-07,0.009030288,0.9958396,1.1182447e-06,0.07315915,90,5000000000.0
2402,99603,4.980161620249585e-07,0.009030042,0.99584645,-7.759368e-07,0.07277898,90,5000000000.0
2403,99604,4.980205594327508e-07,0.009028947,0.99585223,-2.2457842999999995e-06,0.07250468,90,5000000000.0
2404,99605,4.980264190815725e-07,0.0090262685,0.99586046,-4.2152146e-06,0.07233169,90,5000000000.0
2405,99606,4.980308135845418e-07,0.009023358,0.99586695,-5.662769599999998e-06,0.07232344,90,5000000000.0
2406,99607,4.980352071476989e-07,0.009019708,0.9958736,-7.0536707e-06,0.07231601,90,5000000000.0
2407,99608,4.980410642995669e-07,0.009013768,0.99588245,-8.774825e-06,0.072304465,90,5000000000.0
2408,99609,4.980454561922238e-07,0.009008583,0.9958888,-9.934251e-06,0.07229539,90,5000000000.0
2409,99610,4.980513124211606e-07,0.009000832,0.99589723,-1.1264786e-05,0.07228301,90,5000000000.0
2410,99611,4.980557032301071e-07,0.008994501,0.99590296,-1.2077503e-05,0.072273105,90,5000000000.0
2411,99612,4.980600936956781e-07,0.008987824,0.99590826,-1.2715582e-05,0.07226402,90,5000000000.0
2412,99613,4.980659458714681e-07,0.008978559,0.9959144,-1.3276573e-05,0.07225411400000001,90,5000000000.0
2413,99614,4.980703357609002e-07,0.008971464,0.99591815,-1.3471791e-05,0.07224586599999999,90,5000000000.0
2414,99615,4.980761887300685e-07,0.00896201,0.995922,-1.34272e-05,0.07223843,90,5000000000.0
2415,99616,4.98080578244046e-07,0.008955055,0.995924,-1.316803e-05,0.07223265,90,5000000000.0
2416,99617,4.980864320484484e-07,0.008946147,0.9959253,-1.2533698e-05,0.07222687,90,5000000000.0
2417,99618,4.980908213511912e-07,0.008939863000000001,0.9959251,-1.1855256e-05,0.07222521,90,5000000000.0
2418,99619,4.980952106157047e-07,0.008934011,0.995924,-1.1018554999999997e-05,0.072221085,90,5000000000.0
2419,99620,4.981010616264915e-07,0.008927006,0.99592125,-9.687052e-06,0.07229786,90,5000000000.0
2420,99621,4.981054508247616e-07,0.00892243,0.9959181,-8.5519505e-06,0.07259513,90,5000000000.0
2421,99622,4.981113029828306e-07,0.008917325,0.9959127,-6.899227599999998e-06,0.07301713,90,5000000000.0
2422,99623,4.981156921367788e-07,0.008914288000000001,0.9959079,-5.5863825e-06,0.07334402,90,5000000000.0
2423,99624,4.981200812841993e-07,0.0089119505,0.9959021999999998,-4.238593e-06,0.07367677,90,5000000000.0
2424,99625,4.981259348320221e-07,0.008909928000000001,0.9958939,-2.4310032000000003e-06,0.07411837,90,5000000000.0
2425,99626,4.981303239955785e-07,0.008909219,0.99588704,-1.1010278000000002e-06,0.07444285,90,5000000000.0
2426,99627,4.981361750128607e-07,0.008909301,0.99587744,5.9111534e-07,0.074850455,90,5000000000.0
2427,99628,4.981405642157861e-07,0.008910081,0.9958703,1.7696789999999996e-06,0.07513049999999999,90,5000000000.0
2428,99629,4.981464163110814e-07,0.008911981,0.99586046,3.1793704e-06,0.07546328,90,5000000000.0
2429,99630,4.981508054921185e-07,0.008913965,0.99585336,4.0909595e-06,0.07567093,90,5000000000.0
2430,99631,4.981551946547892e-07,0.008916349,0.9958465,4.8597185e-06,0.07584183,90,5000000000.0
2431,99632,4.981610482299506e-07,0.008920009,0.9958381,5.640533000000002e-06,0.07600684,90,5000000000.0
2432,99633,4.98165437355651e-07,0.008923002,0.99583256,6.0304137e-06,0.07607589,90,5000000000.0
2433,99634,4.981712883294155e-07,0.0089271525,0.9958263,6.2787017e-06,0.07609393,90,5000000000.0
2434,99635,4.981756774218585e-07,0.00893027,0.9958224,6.259054e-06,0.07605000599999999,90,5000000000.0
2435,99636,4.981800664665817e-07,0.008933289,0.9958198,6.0650073e-06,0.07595659,90,5000000000.0
2436,99637,4.981859182072335e-07,0.008937015,0.9958175,5.5450078e-06,0.07575760000000001,90,5000000000.0
2437,99638,4.98190307175811e-07,0.008939480999999999,0.99581707,4.9709440000000005e-06,0.07555573,90,5000000000.0
2438,99639,4.981961604852303e-07,0.0089421915,0.9958182,3.983828e-06,0.075220175,90,5000000000.0
2439,99640,4.982005493291079e-07,0.008943707,0.99582016,3.0979434e-06,0.07492534,90,5000000000.0
2440,99641,4.982063999962801e-07,0.008944937,0.9958245,1.7575915e-06,0.0744789,90,5000000000.0
2441,99642,4.982107887404659e-07,0.008945216,0.995829,6.590916500000001e-07,0.07411756,90,5000000000.0
2442,99643,4.982151774366369e-07,0.008944911,0.99583405,-4.9479434e-07,0.07373504,90,5000000000.0
2443,99644,4.982210286209207e-07,0.008943569,0.99584216,-2.0796900000000003e-06,0.073207244,90,5000000000.0
2444,99645,4.982254172575502e-07,0.008941859,0.995849,-3.2730427e-06,0.07281013,90,5000000000.0
2445,99646,4.982312701919877e-07,0.008938664,0.99585885,-4.826672e-06,0.07231354,90,5000000000.0
2446,99647,4.982356587480285e-07,0.0089356145,0.99586654,-5.9341396e-06,0.07230612,90,5000000000.0
2447,99648,4.982400473042382e-07,0.008932045,0.99587446,-6.968891e-06,0.07229868,90,5000000000.0
2448,99649,4.982458977148353e-07,0.008926561999999999,0.9958848,-8.2019815e-06,0.07228466,90,5000000000.0
2449,99650,4.982502862444451e-07,0.008921980999999999,0.9958926,-8.995047e-06,0.07227393,90,5000000000.0
2450,99651,4.982561371348432e-07,0.008915373,0.99590224,-9.849323e-06,0.07226238,90,5000000000.0
2451,99652,4.982605256702644e-07,0.008910135,0.9959088,-1.0323241e-05,0.07225329,90,5000000000.0
2452,99653,4.98266378559529e-07,0.008902921999999999,0.9959166,-1.0717823e-05,0.07224256,90,5000000000.0
2453,99654,4.982707671148727e-07,0.008897445,0.9959217,-1.0830036e-05,0.07223595,90,5000000000.0
2454,99655,4.982751557231303e-07,0.008891998,0.99592584,-1.0783799e-05,0.07222934,90,5000000000.0
2455,99656,4.982810063185918e-07,0.00888492,0.99592984,-1.0480275e-05,0.07222026,90,5000000000.0
2456,99657,4.982853949938276e-07,0.008879841999999999,0.9959318,-1.0078756e-05,0.07221613,90,5000000000.0
2457,99658,4.982912460470062e-07,0.008873515,0.9959326,-9.329118e-06,0.072211176,90,5000000000.0
2458,99659,4.982956347907039e-07,0.008869181,0.9959319,-8.621902e-06,0.07220952,90,5000000000.0
2459,99660,4.983000235920888e-07,0.00886526,0.9959303,-7.806795e-06,0.07221035,90,5000000000.0
2460,99661,4.9830587684205e-07,0.008860745,0.9959264,-6.581269e-06,0.07221035,90,5000000000.0
2461,99662,4.983102657322816e-07,0.008857938000000001,0.99592245,-5.5828536e-06,0.07229621,90,5000000000.0
2462,99663,4.98316116804682e-07,0.00885501,0.9959156,-4.184082e-06,0.07288301,90,5000000000.0
2463,99664,4.983205057930757e-07,0.008853433,0.9959096,-3.111165e-06,0.07333996,90,5000000000.0
2464,99665,4.983263571490511e-07,0.008852149,0.99590045,-1.6895238999999995e-06,0.07395641,90,5000000000.0
2465,99666,4.983307462090314e-07,0.008851779,0.99589294,-6.5686794e-07,0.07441239,90,5000000000.0
2466,99667,4.983351352819738e-07,0.008851886,0.9958852,3.2449947e-07,0.074853644,90,5000000000.0
2467,99668,4.983409888809758e-07,0.008852706,0.9958742,1.5209154e-06,0.07540001,90,5000000000.0
2468,99669,4.983453779919276e-07,0.008853769000000001,0.99586606,2.3114765e-06,0.07576784,90,5000000000.0
2469,99670,4.983512293713587e-07,0.008855674000000001,0.9958552,3.195072e-06,0.076192655,90,5000000000.0
2470,99671,4.983556184982687e-07,0.008857391,0.9958475,3.7141394e-06,0.07644907,90,5000000000.0
2471,99672,4.983600075945235e-07,0.008859276999999999,0.99584013,4.0993687e-06,0.076648585,90,5000000000.0
2472,99673,4.983658589609667e-07,0.008861935,0.9958313,4.3937442999999985e-06,0.07681421,90,5000000000.0
2473,99674,4.983702480362394e-07,0.008863942,0.9958255,4.4458170000000005e-06,0.07686235,90,5000000000.0
2474,99675,4.98376101580941e-07,0.008866503000000001,0.99581933,4.29031e-06,0.07681964,90,5000000000.0
2475,99676,4.983804905727036e-07,0.008868245,0.9958159,4.0094833e-06,0.07670928,90,5000000000.0
2476,99677,4.983863418849192e-07,0.008870209,0.9958128,3.428913e-06,0.07645999,90,5000000000.0
2477,99678,4.983907308070392e-07,0.0088713365,0.995812,2.8514094e-06,0.07620204,90,5000000000.0
2478,99679,4.983951196803768e-07,0.008872112,0.99581224,2.1658313e-06,0.07588272,90,5000000000.0
2479,99680,4.984009706260128e-07,0.008872521999999999,0.9958145,1.1092621e-06,0.075384185,90,5000000000.0
2480,99681,4.98405359406353e-07,0.008872320999999999,0.99581736,2.3128018e-07,0.074960366,90,5000000000.0
2481,99682,4.984112125042457e-07,0.008871329,0.9958233,-1.019092e-06,0.07434421,90,5000000000.0
2482,99683,4.984156012223233e-07,0.00887003,0.99582857,-1.9912982e-06,0.073855504,90,5000000000.0
2483,99684,4.9842145220345e-07,0.008867557,0.99583703,-3.2961639e-06,0.0731885,90,5000000000.0
2484,99685,4.984258408458918e-07,0.008865162,0.9958443,-4.2559345e-06,0.07268958,90,5000000000.0
2485,99686,4.98430229476193e-07,0.008862328000000001,0.9958522,-5.1781394e-06,0.07232096,90,5000000000.0
2486,99687,4.984360799585192e-07,0.0088579245,0.995863,-6.317789e-06,0.07231024,90,5000000000.0
2487,99688,4.984404685052071e-07,0.008854204000000001,0.9958714,-7.0836772e-06,0.07230117,90,5000000000.0
2488,99689,4.984463213689281e-07,0.008848782,0.9958827,-7.958283e-06,0.07228796,90,5000000000.0
2489,99690,4.984507098879386e-07,0.008844442,0.995891,-8.487799e-06,0.07227889,90,5000000000.0
2490,99691,4.984550983978819e-07,0.008839932,0.9958989,-8.8979e-06,0.07227063,90,5000000000.0
2491,99692,4.984609492875989e-07,0.0088337725,0.9959086,-9.246439e-06,0.07225742,90,5000000000.0
2492,99693,4.984653378437763e-07,0.008829124,0.9959151,-9.353414e-06,0.072249986,90,5000000000.0
2493,99694,4.984711882694352e-07,0.008823016999999999,0.99592245,-9.2875325e-06,0.07223926,90,5000000000.0
2494,99695,4.984755768651943e-07,0.008818585,0.99592716,-9.083922e-06,0.07223265,90,5000000000.0
2495,99696,4.984814298389152e-07,0.008812991,0.9959316,-8.615654e-06,0.07222521,90,5000000000.0
2496,99697,4.984858184980071e-07,0.008809105,0.9959337,-8.126886e-06,0.07222026,90,5000000000.0
2497,99698,4.984902071850647e-07,0.008805539,0.9959346,-7.531326e-06,0.07221695,90,5000000000.0
2498,99699,4.984960584571297e-07,0.008801354,0.9959342,-6.5927147e-06,0.07221282,90,5000000000.0
2499,99700,4.985004472668991e-07,0.008798687,0.9959325,-5.7988855e-06,0.07221282,90,5000000000.0
2500,99701,4.985062979718325e-07,0.008795805,0.9959286,-4.6514620000000005e-06,0.07221530400000001,90,5000000000.0
2501,99702,4.985106868454955e-07,0.008794165,0.99592435,-3.7463226e-06,0.072289616,90,5000000000.0
2502,99703,4.985150757568465e-07,0.008792976999999999,0.99591917,-2.8232498e-06,0.07280848,90,5000000000.0
2503,99704,4.985209291362688e-07,0.008792085,0.9959109,-1.5962726999999997e-06,0.07351789,90,5000000000.0
2504,99705,4.985253181316507e-07,0.008791911999999999,0.9959041,-7.032117e-07,0.074053146,90,5000000000.0
2505,99706,4.98531169912513e-07,0.008792290999999999,0.99589384,4.176633e-07,0.07474597,90,5000000000.0
2506,99707,4.985355589912389e-07,0.008792985,0.9958858,1.1842077e-06,0.07523842,90,5000000000.0
2507,99708,4.985414099573715e-07,0.008794373000000001,0.9958745,2.0781729e-06,0.075836316,90,5000000000.0
2508,99709,4.985457990557106e-07,0.0087956935,0.99586594,2.6354996e-06,0.07623493,90,5000000000.0
2509,99710,4.985501881450799e-07,0.008797189,0.9958575,3.0831955e-06,0.07657538,90,5000000000.0
2510,99711,4.985560416610896e-07,0.008799352,0.9958467,3.4946518e-06,0.07693295,90,5000000000.0
2511,99712,4.985604307398852e-07,0.008801015,0.9958392,3.656129e-06,0.07711886,90,5000000000.0
2512,99713,4.985662826629732e-07,0.008803166,0.99583006,3.6695515e-06,0.07725412400000001,90,5000000000.0
2513,99714,4.985706717091388e-07,0.008804646,0.99582416,3.5282042e-06,0.077264935,90,5000000000.0
2514,99715,4.985750607685774e-07,0.008805946,0.9958190999999998,3.2602563e-06,0.07720082,90,5000000000.0
2515,99716,4.985809115553423e-07,0.008807299000000001,0.99581414,2.7163549e-06,0.0769973,90,5000000000.0
2516,99717,4.985853005138647e-07,0.008807961,0.99581164,2.1793487e-06,0.076759815,90,5000000000.0
2517,99718,4.98591153731166e-07,0.0088082915,0.9958102,1.3122931e-06,0.076340504,90,5000000000.0
2518,99719,4.985955425720645e-07,0.008808079,0.99581057,5.664668000000001e-07,0.07595738,90,5000000000.0
2519,99720,4.986013943137761e-07,0.008807134,0.9958127,-5.263524000000001e-07,0.07537152,90,5000000000.0
2520,99721,4.986057831069483e-07,0.008805908000000001,0.99581575,-1.3979187e-06,0.07488392,90,5000000000.0
2521,99722,4.986101718645045e-07,0.008804236,0.99582,-2.2942534e-06,0.07436667400000001,90,5000000000.0
2522,99723,4.986160222130014e-07,0.008801316,0.995827,-3.4960024e-06,0.073645994,90,5000000000.0
2523,99724,4.986204108576176e-07,0.008798629,0.9958335,-4.3789537e-06,0.07310041,90,5000000000.0
2524,99725,4.986262636278503e-07,0.0087944325,0.99584305,-5.4978273000000005e-06,0.07237951,90,5000000000.0
2525,99726,4.986306522202984e-07,0.00879087,0.9958509,-6.270938e-06,0.07231767,90,5000000000.0
2526,99727,4.986350407938667e-07,0.008787002,0.99585915,-6.9703287e-06,0.07230859,90,5000000000.0
2527,99728,4.98640892258747e-07,0.008781452,0.9958704,-7.764391e-06,0.07229786,90,5000000000.0
2528,99729,4.986452808087669e-07,0.008777067,0.99587893,-8.240863e-06,0.07228796,90,5000000000.0
2529,99730,4.986511308600141e-07,0.008771041,0.99589026,-8.699654e-06,0.07227475,90,5000000000.0
2530,99731,4.986555193814037e-07,0.008766467,0.9958982,-8.902923e-06,0.07226733,90,5000000000.0
2531,99732,4.986613719771168e-07,0.008760416,0.995908,-8.9787945e-06,0.07225495,90,5000000000.0
2532,99733,4.98665760504051e-07,0.008755997,0.99591464,-8.888109e-06,0.07224668599999999,90,5000000000.0
2533,99734,4.986701490417951e-07,0.008751748,0.99592036,-8.672915e-06,0.07223843,90,5000000000.0
2534,99735,4.986760006729442e-07,0.008746446,0.99592674,-8.20022e-06,0.07222934,90,5000000000.0
2535,99736,4.986803893119561e-07,0.008742809,0.9959301,-7.715575499999999e-06,0.07222439,90,5000000000.0
2536,99737,4.986862395002072e-07,0.0087385,0.9959331,-6.9143152e-06,0.07221778,90,5000000000.0
2537,99738,4.986906282046518e-07,0.00873572,0.9959341,-6.212128e-06,0.07221365,90,5000000000.0
2538,99739,4.986950169503623e-07,0.008733361,0.9959338,-5.4384373e-06,0.072211176,90,5000000000.0
2539,99740,4.987008698424186e-07,0.008730903,0.9959316,-4.3217524e-06,0.072212,90,5000000000.0
2540,99741,4.987052586699846e-07,0.00872959,0.99592876,-3.4420218e-06,0.072211176,90,5000000000.0
2541,99742,4.987111107857791e-07,0.008728543,0.9959234,-2.2452639e-06,0.07248493,90,5000000000.0
2542,99743,4.987154997199774e-07,0.008728274,0.99591815,-1.3527882e-06,0.07303918,90,5000000000.0
2543,99744,4.98721350290206e-07,0.00872856,0.9959099,-2.0324966e-07,0.07378357,90,5000000000.0
2544,99745,4.98725739272016e-07,0.008729219,0.99590284,6.068541999999999e-07,0.07433698,90,5000000000.0
2545,99746,4.987301283004271e-07,0.008730217,0.99589527,1.3541571999999998e-06,0.07487277,90,5000000000.0
2546,99747,4.987359814335946e-07,0.008731992,0.99588436,2.2273487000000003e-06,0.07553914,90,5000000000.0
2547,99748,4.987403704947061e-07,0.008733585,0.9958761,2.7724268e-06,0.07599193,90,5000000000.0
2548,99749,4.98746222946619e-07,0.008735946999999999,0.9958647,3.331812e-06,0.07651459,90,5000000000.0
2549,99750,4.987506120519071e-07,0.0087378165,0.9958563,3.6144606e-06,0.07683751,90,5000000000.0
2550,99751,4.987550011720386e-07,0.008739696,0.9958483,3.7728528e-06,0.077090226,90,5000000000.0
2551,99752,4.987608518986913e-07,0.0087421015,0.9958383,3.784951e-06,0.07731126,90,5000000000.0
2552,99753,4.987652409904646e-07,0.008743747,0.99583143,3.6439017e-06,0.07739071,90,5000000000.0
2553,99754,4.987710940978972e-07,0.008745613499999999,0.99582356,3.2601217000000007e-06,0.0773722,90,5000000000.0
2554,99755,4.987754831132932e-07,0.008746688,0.99581873,2.8325874e-06,0.077264935,90,5000000000.0
2555,99756,4.987813355769733e-07,0.008747596,0.9958139,2.0918042e-06,0.07700660000000001,90,5000000000.0
2556,99757,4.987857245581371e-07,0.008747824,0.9958116,1.4223536000000004e-06,0.07672949999999999,90,5000000000.0
2557,99758,4.987901134954803e-07,0.008747622,0.9958105,6.697995e-07,0.07638660000000001,90,5000000000.0
2558,99759,4.987959638935134e-07,0.008746645,0.9958107,-4.365262e-07,0.07584103,90,5000000000.0
2559,99760,4.988003527100209e-07,0.008745358,0.99581236,-1.3223797e-06,0.07537627,90,5000000000.0
2560,99761,4.988062053661987e-07,0.008742897,0.99581623,-2.544595e-06,0.07469726,90,5000000000.0
2561,99762,4.988105941132954e-07,0.008740498000000001,0.99582046,-3.4679365e-06,0.07415861,90,5000000000.0
2562,99763,4.988164463055621e-07,0.008736599,0.99582744,-4.673095e-06,0.07342044,90,5000000000.0
2563,99764,4.988208349693266e-07,0.008733186,0.99583375,-5.533819999999998e-06,0.07286664,90,5000000000.0
2564,99765,4.988252236077694e-07,0.0087293945,0.99584085,-6.3384389999999985e-06,0.07232096,90,5000000000.0
2565,99766,4.988310736439327e-07,0.0087238345,0.9958511,-7.296191999999999e-06,0.07231272,90,5000000000.0
2566,99767,4.988354622135462e-07,0.008719352,0.9958591999999998,-7.910030000000001e-06,0.072304465,90,5000000000.0
2567,99768,4.988413144471375e-07,0.008713076,0.9958703,-8.565837999999999e-06,0.07229209,90,5000000000.0
2568,99769,4.988457029730495e-07,0.008708226999999999,0.9958789,-8.922977e-06,0.07228301,90,5000000000.0
2569,99770,4.988500914808378e-07,0.008703334,0.99588704,-9.156663e-06,0.07227475,90,5000000000.0
2570,99771,4.988559435219213e-07,0.008696855,0.99589765,-9.268659e-06,0.07226155,90,5000000000.0
2571,99772,4.988603320522063e-07,0.008692119,0.9959049,-9.200778e-06,0.07225329,90,5000000000.0
2572,99773,4.988661819699657e-07,0.008686097,0.9959136,-8.910359e-06,0.07224256,90,5000000000.0
2573,99774,4.988705705484872e-07,0.008681876,0.99591917,-8.547905e-06,0.0722343,90,5000000000.0
2574,99775,4.988764227775857e-07,0.008676748,0.99592525,-7.8849e-06,0.07222604,90,5000000000.0
2575,99776,4.988808113947832e-07,0.008673344,0.9959286,-7.2653065e-06,0.07222026,90,5000000000.0
2576,99777,4.98885200052758e-07,0.008670362,0.99593097,-6.553739000000001e-06,0.07221530400000001,90,5000000000.0
2577,99778,4.988910523973138e-07,0.008667097,0.9959323,-5.485409999999998e-06,0.07220952,90,5000000000.0
2578,99779,4.988954411196564e-07,0.008665212,0.9959319,-4.6144537000000015e-06,0.07220869,90,5000000000.0
2579,99780,4.989012913740838e-07,0.008663473,0.9959297,-3.3918877000000008e-06,0.07220869,90,5000000000.0
2580,99781,4.98905680235154e-07,0.008662749,0.9959268,-2.4511914e-06,0.07220869,90,5000000000.0
2581,99782,4.989100690990803e-07,0.008662511,0.99592274,-1.5102805000000004e-06,0.072488226,90,5000000000.0
2582,99783,4.989159216543585e-07,0.008662913000000001,0.99591595,-2.8637086e-07,0.07323006,90,5000000000.0
2583,99784,4.989203106243389e-07,0.008663717,0.99591,5.8543554e-07,0.07379085,90,5000000000.0
2584,99785,4.989261634723519e-07,0.008665382,0.99590075,1.6544966000000004e-06,0.07452535,90,5000000000.0
2585,99786,4.989305524916391e-07,0.008667011,0.9958932,2.3657087000000003e-06,0.075051844,90,5000000000.0
2586,99787,4.989364031023563e-07,0.008669582,0.9958826,3.166474e-06,0.07569931,90,5000000000.0
2587,99788,4.989407921986759e-07,0.008671731,0.9958743,3.6410793e-06,0.07613547,90,5000000000.0
2588,99789,4.989451813106457e-07,0.008673990999999999,0.99586594,3.996551e-06,0.07651693,90,5000000000.0
2589,99790,4.989510340084228e-07,0.008677061,0.9958551,4.2725915e-06,0.07692908,90,5000000000.0
2590,99791,4.989554231256187e-07,0.008679311,0.99584717,4.3250800000000015e-06,0.077157535,90,5000000000.0
2591,99792,4.989612761700117e-07,0.008682107,0.99583745,4.1857643e-06,0.077347524,90,5000000000.0
2592,99793,4.989656652644234e-07,0.008683963000000001,0.99583095,3.926105e-06,0.077397645,90,5000000000.0
2593,99794,4.989700543087414e-07,0.008685539,0.9958251,3.5381138e-06,0.07737066,90,5000000000.0
2594,99795,4.989759049273755e-07,0.008687105,0.99581873,2.8338166e-06,0.07721318,90,5000000000.0
2595,99796,4.989802939503318e-07,0.00868781,0.99581516,2.1778528e-06,0.07700892,90,5000000000.0
2596,99797,4.989861463640352e-07,0.008688045,0.99581206,1.1566344e-06,0.07662835,90,5000000000.0
2597,99798,4.98990535279257e-07,0.008687648000000001,0.9958112,2.9996903000000003e-07,0.07626779,90,5000000000.0
2598,99799,4.989963881578945e-07,0.0086863125,0.99581164,-9.319776e-07,0.07570403,90,5000000000.0
2599,99800,4.990007769883773e-07,0.008684696,0.99581325,-1.8995162e-06,0.0752297,90,5000000000.0
2600,99801,4.99005165795691e-07,0.008682551,0.99581605,-2.883520200000001e-06,0.074721225,90,5000000000.0
2601,99802,4.990110160363651e-07,0.0086788945,0.9958213,-4.18734e-06,0.07400398,90,5000000000.0
2602,99803,4.990154047426095e-07,0.008675585,0.99582666,-5.1345532e-06,0.07345213,90,5000000000.0
2603,99804,4.99021256676761e-07,0.008670485,0.99583477,-6.3208777e-06,0.07271911,90,5000000000.0
2604,99805,4.990256452706174e-07,0.008666205,0.99584156,-7.1302975e-06,0.07232261400000001,90,5000000000.0
2605,99806,4.990300338600938e-07,0.008661591,0.99584913,-7.85307e-06,0.07231437,90,5000000000.0
2606,99807,4.990358863775654e-07,0.008655035,0.9958598,-8.657834e-06,0.07230694,90,5000000000.0
2607,99808,4.990402749252792e-07,0.008649901,0.99586797,-9.126629e-06,0.07229704,90,5000000000.0
2608,99809,4.990461248947707e-07,0.008642902,0.9958789,-9.5546775e-06,0.07228466,90,5000000000.0
2609,99810,4.990505134107789e-07,0.008637634,0.9958869,-9.719981e-06,0.07227558,90,5000000000.0
2610,99811,4.990563650074612e-07,0.008630725,0.9958972,-9.726499e-06,0.072263196,90,5000000000.0
2611,99812,4.990607535458193e-07,0.008625725,0.9959042,-9.570812e-06,0.072255775,90,5000000000.0
2612,99813,4.990651420735745e-07,0.008620962,0.99591076,-9.280536e-06,0.07224586599999999,90,5000000000.0
2613,99814,4.990709946448429e-07,0.008615085,0.99591804,-8.693857e-06,0.07223595,90,5000000000.0
2614,99815,4.990753832246228e-07,0.008611111999999999,0.99592257,-8.115086e-06,0.07223017,90,5000000000.0
2615,99816,4.990812333532792e-07,0.008606489,0.9959271,-7.1792433e-06,0.07222274,90,5000000000.0
2616,99817,4.99085622011534e-07,0.008603578,0.99592924,-6.371038e-06,0.07221778,90,5000000000.0
2617,99818,4.990900107141149e-07,0.008601181999999999,0.99593014,-5.4885289999999985e-06,0.07221282,90,5000000000.0
2618,99819,4.990958625029533e-07,0.00859882,0.9959298,-4.224974e-06,0.072211176,90,5000000000.0
2619,99820,4.991002512651092e-07,0.008597686,0.9959282,-3.2352140000000008e-06,0.07220952,90,5000000000.0
2620,99821,4.991061042575368e-07,0.008597017,0.99592453,-1.8943293e-06,0.072211176,90,5000000000.0
2621,99822,4.991104931287735e-07,0.008597128,0.9959205,-8.9766513e-07,0.07261239,90,5000000000.0
2622,99823,4.991163436895774e-07,0.008598047,0.9959137,3.8354818e-07,0.07334891,90,5000000000.0
2623,99824,4.991207326551945e-07,0.008599264,0.9959077,1.2855725e-06,0.07390395,90,5000000000.0
2624,99825,4.991251216688153e-07,0.008600883,0.995901,2.117753e-06,0.07444605,90,5000000000.0
2625,99826,4.991309737377236e-07,0.008603570999999999,0.9958911,3.0912572e-06,0.07514002,90,5000000000.0
2626,99827,4.991353628110038e-07,0.008605903,0.9958832,3.7009818e-06,0.07561887,90,5000000000.0
2627,99828,4.991412162065701e-07,0.008609302,0.9958723,4.3307023e-06,0.0761903,90,5000000000.0
2628,99829,4.991456053026754e-07,0.008611974,0.9958643,4.653014e-06,0.0765559,90,5000000000.0
2629,99830,4.991514561363879e-07,0.008615555,0.99585366,4.870112e-06,0.076946914,90,5000000000.0
2630,99831,4.991558452519739e-07,0.008618156,0.995846,4.8686405999999985e-06,0.07715831,90,5000000000.0
2631,99832,4.991602343567937e-07,0.008620596999999999,0.9958388,4.725314e-06,0.077295825,90,5000000000.0
2632,99833,4.991660863982204e-07,0.008623483000000001,0.9958301,4.3175145999999985e-06,0.07736218,90,5000000000.0
2633,99834,4.991704754388303e-07,0.008625282,0.99582475,3.8559233e-06,0.07732052,90,5000000000.0
2634,99835,4.991763287971209e-07,0.00862707,0.9958186,3.0483463e-06,0.077147484,90,5000000000.0
2635,99836,4.991807177856085e-07,0.008627888,0.99581534,2.3133482e-06,0.07693295,90,5000000000.0
2636,99837,4.991851067655211e-07,0.008628206999999999,0.9958129,1.4825088e-06,0.07664781,90,5000000000.0
2637,99838,4.991909574471998e-07,0.0086278,0.9958116,2.5337877e-07,0.076173075,90,5000000000.0
2638,99839,4.991953463402314e-07,0.008626842,0.9958118,-7.370068000000002e-07,0.07575603,90,5000000000.0
2639,99840,4.992011979495821e-07,0.008624672,0.995814,-2.1123708e-06,0.07512970000000001,90,5000000000.0
2640,99841,4.992055867341456e-07,0.008622383,0.99581695,-3.1592176e-06,0.07462215400000001,90,5000000000.0
2641,99842,4.992114397813717e-07,0.008618473,0.9958224,-4.537115e-06,0.073907994,90,5000000000.0
2642,99843,4.992158284589669e-07,0.00861494,0.9958277,-5.530549999999998e-06,0.07336273,90,5000000000.0
2643,99844,4.992202171356003e-07,0.008610931,0.99583364,-6.4683586e-06,0.07281831,90,5000000000.0
2644,99845,4.992260674909802e-07,0.008604939,0.99584264,-7.60067e-06,0.07231437,90,5000000000.0
2645,99846,4.992304560703078e-07,0.008600034,0.9958501,-8.340259e-06,0.072307765,90,5000000000.0
2646,99847,4.992363072185833e-07,0.008593074000000001,0.99586046,-9.152689e-06,0.07229621,90,5000000000.0
2647,99848,4.992406957425986e-07,0.008587635,0.9958686,-9.6165395e-06,0.07228878,90,5000000000.0
2648,99849,4.992450842689449e-07,0.008582091,0.9958766,-9.9455465e-06,0.07227889,90,5000000000.0
2649,99850,4.992509370415488e-07,0.008574679,0.99588704,-1.0164017e-05,0.07226733,90,5000000000.0
2650,99851,4.992553255410779e-07,0.008569206999999999,0.9958946,-1.0158645e-05,0.07225907599999999,90,5000000000.0
2651,99852,4.992611758355254e-07,0.008562176999999999,0.9959039,-9.926304e-06,0.07224668599999999,90,5000000000.0
2652,99853,4.992655643777009e-07,0.0085571995,0.9959101,-9.587478e-06,0.07224008,90,5000000000.0
2653,99854,4.992714154260773e-07,0.008551086,0.99591726,-8.9286195e-06,0.07222851,90,5000000000.0
2654,99855,4.992758040016933e-07,0.0085469745,0.9959217,-8.291234e-06,0.072221085,90,5000000000.0
2655,99856,4.992801926126453e-07,0.008543327,0.99592495,-7.54423e-06,0.07221613,90,5000000000.0
2656,99857,4.99286045617177e-07,0.008539258000000001,0.99592775,-6.401866e-06,0.07221035,90,5000000000.0
2657,99858,4.992904343023039e-07,0.008536847,0.9959286,-5.456501e-06,0.072206214,90,5000000000.0
2658,99859,4.99296284942688e-07,0.008534525500000001,0.99592805,-4.1113003e-06,0.07220539,90,5000000000.0
2659,99860,4.993006737484648e-07,0.008533463,0.99592644,-3.062833e-06,0.07220373,90,5000000000.0
2660,99861,4.993050625803623e-07,0.0085329795,0.99592364,-2.002219e-06,0.072206214,90,5000000000.0
2661,99862,4.993109139217522e-07,0.008533208,0.9959185,-6.0334037e-07,0.07268794,90,5000000000.0
2662,99863,4.993153028068602e-07,0.008533998000000001,0.99591357,4.0917698e-07,0.07323495,90,5000000000.0
2663,99864,4.993211562398577e-07,0.008535807,0.99590564,1.6746231e-06,0.073966086,90,5000000000.0
2664,99865,4.99325545244024e-07,0.008537661,0.99589896,2.536653e-06,0.07450133,90,5000000000.0
2665,99866,4.993313963427498e-07,0.008540691,0.9958892,3.5391743e-06,0.075182885,90,5000000000.0
2666,99867,4.993357854177167e-07,0.008543291,0.99588144,4.1625335e-06,0.075654365,90,5000000000.0
2667,99868,4.993401745083845e-07,0.008546096,0.9958734,4.6620166e-06,0.076082945,90,5000000000.0
2668,99869,4.993460260801211e-07,0.008550015,0.9958626,5.118603e-06,0.07656915,90,5000000000.0
2669,99870,4.993504151936548e-07,0.008552987,0.9958546,5.295036299999998e-06,0.0768608,90,5000000000.0
2670,99871,4.99356268823331e-07,0.008556838,0.99584466,5.3014505e-06,0.077147484,90,5000000000.0
2671,99872,4.993606579460725e-07,0.00855954,0.9958376,5.133751e-06,0.077277295,90,5000000000.0
2672,99873,4.993650470392763e-07,0.008561995,0.9958313,4.820828e-06,0.077328235,90,5000000000.0
2673,99874,4.993708982692833e-07,0.008564761,0.9958239,4.1875054999999985e-06,0.07728039,90,5000000000.0
2674,99875,4.993752873233289e-07,0.008566371,0.99581945,3.5613632e-06,0.07715521,90,5000000000.0
2675,99876,4.99381138677644e-07,0.00856779,0.995815,2.5470501e-06,0.0768771,90,5000000000.0
2676,99877,4.99385527662069e-07,0.008568245,0.99581283,1.6699473e-06,0.07658862,90,5000000000.0
2677,99878,4.993913810618767e-07,0.008567976,0.99581176,3.7651313e-07,0.07611039,90,5000000000.0
2678,99879,4.993957699346665e-07,0.008567087,0.99581236,-6.621242999999999e-07,0.075690635,90,5000000000.0
2679,99880,4.994001587768809e-07,0.008565597,0.99581385,-1.7377521000000004e-06,0.07522811,90,5000000000.0
2680,99881,4.994060097469464e-07,0.00856268,0.9958176,-3.193504200000001e-06,0.07455896599999999,90,5000000000.0
2681,99882,4.994103985068152e-07,0.008559814,0.99582165,-4.2745209999999986e-06,0.07402816400000001,90,5000000000.0
2682,99883,4.994162493515824e-07,0.00855514,0.9958284,-5.6614863000000015e-06,0.07330823,90,5000000000.0
2683,99884,4.994206380043517e-07,0.008551048,0.9958344,-6.6351477e-06,0.07276996,90,5000000000.0
2684,99885,4.994250266298315e-07,0.008546511,0.995841,-7.5306425e-06,0.07231931400000001,90,5000000000.0
2685,99886,4.994308795873857e-07,0.008539873,0.99585074,-8.573760999999999e-06,0.07230941,90,5000000000.0
2686,99887,4.994352681394989e-07,0.008534544,0.99585843,-9.223064e-06,0.07230199,90,5000000000.0
2687,99888,4.994411188709996e-07,0.008527115,0.99586916,-9.888117e-06,0.072289616,90,5000000000.0
2688,99889,4.994455074202009e-07,0.008521403,0.995877,-1.02242575e-05,0.07228219,90,5000000000.0
2689,99890,4.994513579350256e-07,0.008513761,0.9958874,-1.0443528e-05,0.07227063,90,5000000000.0
2690,99891,4.994557464428949e-07,0.008508115,0.9958948,-1.0432481e-05,0.07226155,90,5000000000.0
2691,99892,4.994601349596446e-07,0.008502632,0.9959017,-1.0271127e-05,0.07225329,90,5000000000.0
2692,99893,4.994659878238685e-07,0.0084957145,0.9959099,-9.827982e-06,0.07224090400000001,90,5000000000.0
2693,99894,4.994703763660324e-07,0.008490915,0.99591523,-9.333129e-06,0.07223347599999999,90,5000000000.0
2694,99895,4.994762272519165e-07,0.008485157,0.995921,-8.474604000000001e-06,0.07222439,90,5000000000.0
2695,99896,4.994806158977975e-07,0.008481391,0.9959242,-7.697318000000001e-06,0.07221943,90,5000000000.0
2696,99897,4.994850045496229e-07,0.008478152,0.9959263,-6.8217830000000015e-06,0.07221282,90,5000000000.0
2697,99898,4.994908552039867e-07,0.008474711,0.99592745,-5.530309e-06,0.07220952,90,5000000000.0
2698,99899,4.994952439431603e-07,0.00847282,0.99592716,-4.491687e-06,0.07220786,90,5000000000.0
2699,99900,4.995010971159764e-07,0.008471239,0.99592495,-3.0499737000000008e-06,0.07220786,90,5000000000.0
2700,99901,4.995054859500789e-07,0.008470756999999999,0.99592215,-1.952537e-06,0.07220786,90,5000000000.0
2701,99902,4.995113373217392e-07,0.0084710205,0.99591684,-5.0614653e-07,0.07273962,90,5000000000.0
2702,99903,4.995157262436344e-07,0.008471864,0.99591184,5.4010553e-07,0.07328218,90,5000000000.0
2703,99904,4.995201151945128e-07,0.008473217,0.99590594,1.5315803e-06,0.07382964,90,5000000000.0
2704,99905,4.995259661776661e-07,0.008475725,0.9958972,2.7363742e-06,0.07454216,90,5000000000.0
2705,99906,4.995303552052154e-07,0.008478059,0.99588984,3.5304342e-06,0.07505502,90,5000000000.0
2706,99907,4.995362087397364e-07,0.008481651,0.99587965,4.414627e-06,0.07568275,90,5000000000.0
2707,99908,4.995405978237096e-07,0.008484603,0.99587166,4.930132e-06,0.07610412,90,5000000000.0
2708,99909,4.995464495882517e-07,0.008488737,0.99586105,5.40184e-06,0.0765824,90,5000000000.0
2709,99910,4.995508387136735e-07,0.0084918775,0.9958531,5.5848172e-06,0.076868564,90,5000000000.0
2710,99911,4.995552278248889e-07,0.008494961,0.9958456,5.6167660000000005e-06,0.07708791,90,5000000000.0
2711,99912,4.995610788579609e-07,0.008498838,0.9958363,5.4230613e-06,0.07726726,90,5000000000.0
2712,99913,4.995654679436965e-07,0.008501469000000001,0.99583006,5.103432e-06,0.077312805,90,5000000000.0
2713,99914,4.995713214212437e-07,0.008504466,0.99582297,4.455229400000002e-06,0.0772549,90,5000000000.0
2714,99915,4.995757104392247e-07,0.00850624,0.99581856,3.8142066e-06,0.0771266,90,5000000000.0
2715,99916,4.995800994267071e-07,0.008507544,0.99581516,3.053259700000001e-06,0.076923646,90,5000000000.0
2716,99917,4.995859510922106e-07,0.008508462,0.9958124,1.877041e-06,0.07654889,90,5000000000.0
2717,99918,4.995903400169915e-07,0.008508489000000001,0.99581146,8.9510513e-07,0.07619735,90,5000000000.0
2718,99919,4.995961907193496e-07,0.008507588,0.99581206,-5.114415000000001e-07,0.07564569,90,5000000000.0
2719,99920,4.996005795365735e-07,0.008506194,0.99581385,-1.6136343e-06,0.075181305,90,5000000000.0
2720,99921,4.996064326045523e-07,0.008503378,0.9958177,-3.1062698e-06,0.07451174,90,5000000000.0
2721,99922,4.996108213240785e-07,0.0085005695,0.99582183,-4.214644e-06,0.073981404,90,5000000000.0
2722,99923,4.996152099880463e-07,0.008497191,0.99582684,-5.290022700000002e-06,0.07344400000000001,90,5000000000.0
2723,99924,4.996210613804861e-07,0.008491873,0.9958349,-6.636913e-06,0.072727315,90,5000000000.0
2724,99925,4.996254499826702e-07,0.008487337,0.99584156,-7.556788700000001e-06,0.07231519,90,5000000000.0
2725,99926,4.996313002114601e-07,0.00848068,0.9958514,-8.629196e-06,0.072304465,90,5000000000.0
2726,99927,4.996356887445279e-07,0.008475318,0.99585897,-9.298398e-06,0.07229786,90,5000000000.0
2727,99928,4.996400772754453e-07,0.008469725,0.9958669,-9.837341e-06,0.07228878,90,5000000000.0
2728,99929,4.996459299673971e-07,0.008462049000000001,0.99587756,-1.03362845e-05,0.07227971400000001,90,5000000000.0
2729,99930,4.996503184654078e-07,0.008456239,0.9958852,-1.0536611e-05,0.07226816,90,5000000000.0
2730,99931,4.996561697616119e-07,0.008448581,0.995895,-1.0565238999999997e-05,0.07225742,90,5000000000.0
2731,99932,4.99660558276214e-07,0.008443013000000001,0.9959018,-1.0407657e-05,0.07224917,90,5000000000.0
2732,99933,4.996664083986177e-07,0.008435976,0.9959099,-9.96508e-06,0.07223760000000001,90,5000000000.0
2733,99934,4.996707969515243e-07,0.0084310835,0.99591506,-9.467076e-06,0.072230995,90,5000000000.0
2734,99935,4.996751855333049e-07,0.008426597,0.99591947,-8.837163500000001e-06,0.07222439,90,5000000000.0
2735,99936,4.996810382889046e-07,0.008421348,0.99592376,-7.812879e-06,0.07221613,90,5000000000.0
2736,99937,4.996854269216699e-07,0.008418026,0.9959258,-6.925495e-06,0.072211176,90,5000000000.0
2737,99938,4.996912785432565e-07,0.0084144855,0.99592674,-5.6147915e-06,0.07220704,90,5000000000.0
2738,99939,4.996956672905034e-07,0.00841253,0.9959262,-4.5599063e-06,0.07220373,90,5000000000.0
2739,99940,4.99700056080113e-07,0.008411189,0.9959247,-3.4651216e-06,0.07220373,90,5000000000.0
2740,99941,4.997059065106308e-07,0.008410353,0.99592096,-1.9788386e-06,0.07220539,90,5000000000.0
2741,99942,4.997102953942279e-07,0.008410426,0.99591696,-8.704429300000002e-07,0.07260499,90,5000000000.0
2742,99943,4.997161485118771e-07,0.008411408,0.99591035,5.5996514e-07,0.07332613,90,5000000000.0
2743,99944,4.997205374733535e-07,0.008412759,0.99590445,1.5709495e-06,0.07387246,90,5000000000.0
2744,99945,4.997263896135918e-07,0.008415286,0.9958955,2.8011232e-06,0.07458376,90,5000000000.0
2745,99946,4.997307786373114e-07,0.008417649000000001,0.99588823,3.6130266e-06,0.07509158,90,5000000000.0
2746,99947,4.997351676780714e-07,0.008420339,0.99588054,4.312931e-06,0.075565994,90,5000000000.0
2747,99948,4.997410184111542e-07,0.008424302,0.99586993,5.0492067e-06,0.07612998,90,5000000000.0
2748,99949,4.997454074901055e-07,0.008427456,0.995862,5.440275e-06,0.07649431400000001,90,5000000000.0
2749,99950,4.997512608036571e-07,0.008431745,0.9958516,5.732191e-06,0.07688253,90,5000000000.0
2750,99951,4.997556499088513e-07,0.008434914,0.995844,5.7731140000000015e-06,0.07709719,90,5000000000.0
2751,99952,4.997600389913557e-07,0.00843795,0.995837,5.6599665e-06,0.07723791,90,5000000000.0
2752,99953,4.997658913755988e-07,0.00844165,0.99582887,5.2728597e-06,0.07730818,90,5000000000.0
2753,99954,4.997702804414044e-07,0.008444065,0.99582344,4.812e-06,0.07727266,90,5000000000.0
2754,99955,4.997761311014977e-07,0.00844667,0.99581754,3.9863226e-06,0.0771088,90,5000000000.0
2755,99956,4.997805200836343e-07,0.008448085,0.9958143,3.223234e-06,0.07690193,90,5000000000.0
2756,99957,4.997863731053703e-07,0.008449152,0.99581164,2.0411044e-06,0.07652005,90,5000000000.0
2757,99958,4.997907619895604e-07,0.008449285,0.995811,1.0530226e-06,0.07616289,90,5000000000.0
2758,99959,4.997951508672879e-07,0.008448816999999999,0.9958113,-1.4557318e-09,0.07575288,90,5000000000.0
2759,99960,4.998010030092498e-07,0.008447231,0.9958136,-1.4759124e-06,0.07513923,90,5000000000.0
2760,99961,4.998053917923839e-07,0.008445315,0.9958165,-2.6055368e-06,0.07464133,90,5000000000.0
2761,99962,4.998112420021004e-07,0.008441818,0.99582195,-4.1019894e-06,0.073939465,90,5000000000.0
2762,99963,4.998156306921693e-07,0.008438519,0.9958272,-5.1896736e-06,0.073400125,90,5000000000.0
2763,99964,4.998200193425982e-07,0.008434683,0.99583304,-6.224153e-06,0.072860904,90,5000000000.0
2764,99965,4.998258718478986e-07,0.008428816,0.995842,-7.486854400000002e-06,0.07231354,90,5000000000.0
2765,99966,4.998302604215941e-07,0.008423930999999999,0.9958494,-8.322655e-06,0.07230694,90,5000000000.0
2766,99967,4.998361123027925e-07,0.008416897,0.9958595,-9.258876e-06,0.07229539,90,5000000000.0
2767,99968,4.998405008317917e-07,0.008411334,0.9958675,-9.810122e-06,0.072287135,90,5000000000.0
2768,99969,4.998463507349871e-07,0.008403684,0.9958781,-1.032432e-05,0.072276406,90,5000000000.0
2769,99970,4.998507392590077e-07,0.00839788,0.99588567,-1.0535401e-05,0.07226650400000001,90,5000000000.0
2770,99971,4.998551277868586e-07,0.008392118,0.9958931,-1.0592358999999997e-05,0.07225825,90,5000000000.0
2771,99972,4.998609801026965e-07,0.0083846385,0.99590224,-1.042763e-05,0.07224504,90,5000000000.0
2772,99973,4.998653686242636e-07,0.008379293000000001,0.99590844,-1.0127063e-05,0.07223843,90,5000000000.0
2773,99974,4.998712206014308e-07,0.008372654,0.99591523,-9.501559e-06,0.07222687,90,5000000000.0
2774,99975,4.998756092070922e-07,0.008368136,0.99591947,-8.875753e-06,0.07222191,90,5000000000.0
2775,99976,4.998814592272271e-07,0.00836284,0.99592346,-7.855414e-06,0.07221448,90,5000000000.0
2776,99977,4.998858478767159e-07,0.008359478,0.99592537,-6.9691223e-06,0.07220869,90,5000000000.0
2777,99978,4.99890236583304e-07,0.008356681,0.99592614,-5.997582300000001e-06,0.07220539,90,5000000000.0
2778,99979,4.998960890412657e-07,0.008353881,0.9959256,-4.601012e-06,0.07220209,90,5000000000.0
2779,99980,4.999004778292799e-07,0.008352495,0.9959239,-3.5032826e-06,0.07220043,90,5000000000.0
2780,99981,4.999063302561067e-07,0.008351604,0.99592,-2.0109624e-06,0.07220373,90,5000000000.0
2781,99982,4.999107191499707e-07,0.008351638,0.99591583,-8.973632399999998e-07,0.07265181,90,5000000000.0
2782,99983,4.999151080860835e-07,0.008352248,0.9959109,1.8855467e-07,0.07319176,90,5000000000.0
2783,99984,4.999209585803629e-07,0.008353894,0.995903,1.5583691e-06,0.073918484,90,5000000000.0
2784,99985,4.999253475674896e-07,0.008355692,0.9958965,2.502942e-06,0.074453264,90,5000000000.0
2785,99986,4.999312003609098e-07,0.008358734,0.9958867,3.618334e-06,0.075132884,90,5000000000.0
2786,99987,4.99935589402139e-07,0.008361412,0.99587905,4.326329e-06,0.07560467,90,5000000000.0
2787,99988,4.999414422373932e-07,0.008365371,0.9958684,5.0737917e-06,0.07616368,90,5000000000.0
2788,99989,4.999458313368496e-07,0.008368528,0.99586034,5.4730317e-06,0.076523945,90,5000000000.0
2789,99990,4.99950220438109e-07,0.008371756,0.9958526,5.7251955e-06,0.07682042,90,5000000000.0
2790,99991,4.999560710802446e-07,0.008376022,0.99584264,5.824404e-06,0.07711267,90,5000000000.0
2791,99992,4.999604601807972e-07,0.008379085,0.9958358,5.718877e-06,0.07724641,90,5000000000.0
2792,99993,4.999663129199476e-07,0.008382833000000001,0.9958274,5.341357e-06,0.07730818,90,5000000000.0
2793,99994,4.999707019751503e-07,0.008385291,0.9958222,4.8872253e-06,0.07726571,90,5000000000.0
2794,99995,4.999750910114043e-07,0.008387367,0.9958177,4.2955185e-06,0.07714825,90,5000000000.0
2795,99996,4.999809438637682e-07,0.008389434,0.99581325,3.3118051e-06,0.07688098,90,5000000000.0
2796,99997,4.999853328412991e-07,0.00839039,0.9958113,2.4461242000000003e-06,0.07659953,90,5000000000.0
2797,99998,4.999911832414444e-07,0.008390789000000001,0.9958103,1.1527143000000002e-06,0.07612998,90,5000000000.0
2798,99999,4.999955721073601e-07,0.008390392,0.9958107,1.0171687e-07,0.075715065,90,5000000000.0
2799,100000,5.000014244100878e-07,0.008388906,0.99581325,-1.3692311e-06,0.07509793,90,5000000000.0
2800,100001,5.000058131699144e-07,0.00838707,0.99581623,-2.4970377000000004e-06,0.07459416,90,5000000000.0
2801,100002,5.000102019019619e-07,0.008384625,0.9958203,-3.6220026e-06,0.074069254,90,5000000000.0
2802,100003,5.000160544076126e-07,0.008380461,0.9958272,-5.080477e-06,0.07335216,90,5000000000.0
2803,100004,5.000204430568189e-07,0.008376705,0.9958333,-6.1156784e-06,0.07281422,90,5000000000.0
2804,100005,5.000262930782479e-07,0.008370947,0.9958421,-7.380046e-06,0.07231189,90,5000000000.0
2805,100006,5.000306816601454e-07,0.008366138,0.9958496,-8.218424e-06,0.07230529,90,5000000000.0
2806,100007,5.000350702179777e-07,0.008360985999999999,0.9958573,-8.944525e-06,0.07229868,90,5000000000.0
2807,100008,5.00040922063708e-07,0.00835371,0.99586797,-9.714762e-06,0.072287135,90,5000000000.0
2808,100009,5.000453105835843e-07,0.0083480505,0.99587595,-1.0129956e-05,0.072277226,90,5000000000.0
2809,100010,5.000511629318586e-07,0.008340395,0.99588615,-1.0452556e-05,0.07226650400000001,90,5000000000.0
2810,100011,5.000555514272834e-07,0.008334684,0.9958934000000002,-1.0515657e-05,0.072256595,90,5000000000.0
2811,100012,5.000614013560767e-07,0.008327268,0.99590236,-1.0359911e-05,0.07224504,90,5000000000.0
2812,100013,5.000657898855602e-07,0.008321959,0.9959085,-1.0066472e-05,0.07223760000000001,90,5000000000.0
2813,100014,5.000701784119421e-07,0.00831695,0.99591374,-9.627905e-06,0.07222851,90,5000000000.0
2814,100015,5.00076030184442e-07,0.008310861999999999,0.99591947,-8.832556e-06,0.07221943,90,5000000000.0
2815,100016,5.000804187872281e-07,0.00830682,0.9959225,-8.093040999999999e-06,0.07221448,90,5000000000.0
2816,100017,5.000862714149636e-07,0.008302224,0.99592507,-6.942825e-06,0.07220952,90,5000000000.0
2817,100018,5.000906601046735e-07,0.008299427,0.9959257,-5.9784466e-06,0.07220456,90,5000000000.0
2818,100019,5.000950488371295e-07,0.008297218,0.99592537,-4.946733e-06,0.07220209,90,5000000000.0
2819,100020,5.001008991116124e-07,0.008295216999999999,0.99592316,-3.500186700000001e-06,0.07220209,90,5000000000.0
2820,100021,5.001052879248832e-07,0.008294428000000001,0.99592024,-2.3877544e-06,0.07220456,90,5000000000.0
2821,100022,5.001111400136674e-07,0.0082943095,0.9959149,-9.073429e-07,0.07270025,90,5000000000.0
2822,100023,5.001155289267829e-07,0.008294892,0.99590975,1.7402417e-07,0.073241465,90,5000000000.0
2823,100024,5.001213820254953e-07,0.008296497,0.9959019,1.5394376e-06,0.07396849999999999,90,5000000000.0
2824,100025,5.001257709973848e-07,0.008298263,0.99589515,2.4810968e-06,0.07450293,90,5000000000.0
2825,100026,5.001301600215807e-07,0.00830045,0.99588776,3.3326758e-06,0.07501527,90,5000000000.0
2826,100027,5.001360107247835e-07,0.008303903,0.9958775,4.3005057e-06,0.07564569,90,5000000000.0
2827,100028,5.001403998226529e-07,0.008306807,0.9958695,4.8833094000000005e-06,0.0760704,90,5000000000.0
2828,100029,5.001462521066361e-07,0.008310946999999999,0.99585897,5.4483735e-06,0.07655434,90,5000000000.0
2829,100030,5.001506412013735e-07,0.008314148,0.99585116,5.7025813e-06,0.07684527,90,5000000000.0
2830,100031,5.001550302926055e-07,0.008317336,0.9958435,5.8056225e-06,0.0770701,90,5000000000.0
2831,100032,5.001608836475862e-07,0.00832143,0.9958341,5.7044485e-06,0.07725567,90,5000000000.0
2832,100033,5.001652727050226e-07,0.008324271999999999,0.9958279,5.4512075e-06,0.077308945,90,5000000000.0
2833,100034,5.001711234491996e-07,0.008327614,0.9958208,4.8858788e-06,0.07726031,90,5000000000.0
2834,100035,5.001755124900325e-07,0.00832969,0.9958165,4.3010646e-06,0.077134326,90,5000000000.0
2835,100036,5.001813645235398e-07,0.00833177,0.99581224,3.32777e-06,0.07685769,90,5000000000.0
2836,100037,5.001857534589853e-07,0.008332741999999999,0.99581033,2.470492e-06,0.07656993,90,5000000000.0
2837,100038,5.001901423778295e-07,0.008333162,0.9958096,1.5220061999999996e-06,0.07622083,90,5000000000.0
2838,100039,5.001959955022849e-07,0.008332813,0.99581015,1.4664694e-07,0.07567566,90,5000000000.0
2839,100040,5.002003843238508e-07,0.008331844,0.9958119,-9.4186265e-07,0.07521462400000001,90,5000000000.0
2840,100041,5.002062347737836e-07,0.008329599,0.995816,-2.429496e-06,0.07454776,90,5000000000.0
2841,100042,5.002106235238913e-07,0.008327211,0.9958201,-3.5451299e-06,0.0740193,90,5000000000.0
2842,100043,5.002150122408979e-07,0.008324245,0.9958252,-4.636651e-06,0.07348136599999999,90,5000000000.0
2843,100044,5.002208637072055e-07,0.008319449,0.9958333,-6.018379300000001e-06,0.07276339999999999,90,5000000000.0
2844,100045,5.002252523144632e-07,0.008315279,0.99584013,-6.973752e-06,0.07230941,90,5000000000.0
2845,100046,5.002311051004296e-07,0.00830906,0.9958498,-8.105266e-06,0.07230034,90,5000000000.0
2846,100047,5.002354936308855e-07,0.00830399,0.9958577,-8.825895000000001e-06,0.07229209,90,5000000000.0
2847,100048,5.002413437983358e-07,0.008296829,0.9958681,-9.5904215e-06,0.07228219,90,5000000000.0
2848,100049,5.002457323455797e-07,0.008291256,0.99587613,-1.0002979e-05,0.07227145,90,5000000000.0
2849,100050,5.002501208735832e-07,0.008285603,0.995884,-1.0268932e-05,0.07226238,90,5000000000.0
2850,100051,5.002559720725571e-07,0.008278086,0.9958938,-1.0387756e-05,0.07225081,90,5000000000.0
2851,100052,5.002603605579464e-07,0.008272571999999999,0.9959006,-1.0298361e-05,0.07224256,90,5000000000.0
2852,100053,5.002662132893113e-07,0.008265536,0.9959088,-9.944983e-06,0.07223265,90,5000000000.0
2853,100054,5.002706018329637e-07,0.008260598000000001,0.9959138,-9.511392e-06,0.07222439,90,5000000000.0
2854,100055,5.002764521066719e-07,0.008254596999999999,0.99591947,-8.724832e-06,0.07221448,90,5000000000.0
2855,100056,5.002808407185796e-07,0.008250608000000001,0.99592245,-7.993103999999999e-06,0.07220952,90,5000000000.0
2856,100057,5.002852293821297e-07,0.00824712,0.99592435,-7.1552199999999986e-06,0.07220456,90,5000000000.0
2857,100058,5.002910806978549e-07,0.008243316,0.9959254,-5.9006547e-06,0.072199605,90,5000000000.0
2858,100059,5.002954694091977e-07,0.008241136999999999,0.9959249,-4.8795687e-06,0.07219878,90,5000000000.0
2859,100060,5.00301322550545e-07,0.00823916,0.9959225,-3.4472146e-06,0.072197124,90,5000000000.0
2860,100061,5.003057113899553e-07,0.008238383,0.9959195,-2.3462924e-06,0.07219878,90,5000000000.0
2861,100062,5.003101002671576e-07,0.008238199,0.9959156,-1.2450656e-06,0.07257212,90,5000000000.0
2862,100063,5.003159510504903e-07,0.008238841,0.9959089,1.8811211e-07,0.07329439,90,5000000000.0
2863,100064,5.003203400085695e-07,0.008239946,0.9959028,1.2111494e-06,0.07383853,90,5000000000.0
2864,100065,5.003261916426769e-07,0.0082421675,0.9958939,2.469528e-06,0.07455256,90,5000000000.0
2865,100066,5.003305806602814e-07,0.008244324499999999,0.99588656,3.3113329e-06,0.075063765,90,5000000000.0
2866,100067,5.003364341701721e-07,0.008247733,0.99587625,4.26795e-06,0.075689845,90,5000000000.0
2867,100068,5.003408232714707e-07,0.008250598,0.9958682,4.8432016e-06,0.0761096,90,5000000000.0
2868,100069,5.003452123711156e-07,0.008253640500000001,0.9958603,5.2843766e-06,0.076476365,90,5000000000.0
2869,100070,5.003510634952955e-07,0.008257838,0.99584967,5.6497720000000014e-06,0.07687166,90,5000000000.0
2870,100071,5.003554526047181e-07,0.008260982,0.9958421,5.749837e-06,0.07708945,90,5000000000.0
2871,100072,5.003613042666831e-07,0.008265015,0.9958329,5.647199000000001e-06,0.077264935,90,5000000000.0
2872,100073,5.003656933472854e-07,0.008267817,0.9958267,5.3947565e-06,0.077308945,90,5000000000.0
2873,100074,5.003700823978645e-07,0.008270341,0.9958213,4.9967402e-06,0.07727961,90,5000000000.0
2874,100075,5.003759358977372e-07,0.0082731545,0.99581546,4.252496e-06,0.07712041,90,5000000000.0
2875,100076,5.003803248772282e-07,0.0082747685,0.9958121,3.5480055e-06,0.07691745,90,5000000000.0
2876,100077,5.003861758505918e-07,0.008276153,0.99580956,2.4389328e-06,0.07653953,90,5000000000.0
2877,100078,5.00390564762381e-07,0.008276563,0.9958088,1.5000648999999996e-06,0.07618561,90,5000000000.0
2878,100079,5.00396416002621e-07,0.008276213000000001,0.99580956,1.3988922e-07,0.07563465,90,5000000000.0
2879,100080,5.0040080481411e-07,0.008275252,0.9958116,-9.36346e-07,0.07516781,90,5000000000.0
2880,100081,5.004051935843695e-07,0.008273688000000001,0.9958143,-2.0376851e-06,0.074670106,90,5000000000.0
2881,100082,5.0041104670315e-07,0.008270675,0.99582,-3.5089165e-06,0.07396849999999999,90,5000000000.0
2882,100083,5.004154353824233e-07,0.008267749,0.9958251,-4.5863458e-06,0.07342776,90,5000000000.0
2883,100084,5.004212860627886e-07,0.008263019,0.9958333,-5.949126e-06,0.072711736,90,5000000000.0
2884,100085,5.004256746729741e-07,0.008258909,0.9958402,-6.890768e-06,0.07231189,90,5000000000.0
2885,100086,5.004300632355496e-07,0.008254377,0.99584746,-7.743209e-06,0.07230612,90,5000000000.0
2886,100087,5.004359139711187e-07,0.008247790999999999,0.9958578,-8.7132385e-06,0.07229456,90,5000000000.0
2887,100088,5.004403024828714e-07,0.008242536,0.9958658,-9.2982245e-06,0.07228548,90,5000000000.0
2888,100089,5.004461553343306e-07,0.008235253,0.99587643,-9.867426e-06,0.07227393,90,5000000000.0
2889,100090,5.004505438356737e-07,0.008229694000000001,0.9958843,-1.0125885e-05,0.07226485,90,5000000000.0
2890,100091,5.00456394412654e-07,0.008222303,0.995894,-1.0237429e-05,0.07225411400000001,90,5000000000.0
2891,100092,5.004607829452189e-07,0.008216886999999999,0.9959008,-1.0144748e-05,0.07224504,90,5000000000.0
2892,100093,5.004651714579378e-07,0.008211664,0.99590695,-9.903027e-06,0.07223513,90,5000000000.0
2893,100094,5.004710220867011e-07,0.008205133,0.9959139,-9.357924e-06,0.07222687,90,5000000000.0
2894,100095,5.004754106689305e-07,0.008200648,0.9959183,-8.792327000000001e-06,0.072218604,90,5000000000.0
2895,100096,5.004812636158037e-07,0.00819534,0.9959223,-7.849763000000001e-06,0.07221282,90,5000000000.0
2896,100097,5.004856522579733e-07,0.008191926,0.9959242,-7.019402e-06,0.07220704,90,5000000000.0
2897,100098,5.004900409299814e-07,0.008189049,0.995925,-6.1004152e-06,0.07220291,90,5000000000.0
2898,100099,5.004958919029276e-07,0.008186091999999999,0.9959245,-4.7675494e-06,0.072199605,90,5000000000.0
2899,100100,5.005002806775048e-07,0.00818456,0.9959227,-3.7113225e-06,0.072199605,90,5000000000.0
2900,100101,5.005061315800653e-07,0.008183439,0.99591875,-2.2654435e-06,0.07220043,90,5000000000.0
2901,100102,5.005105204377738e-07,0.008183283000000001,0.99591464,-1.1787573e-06,0.07262307,90,5000000000.0
2902,100103,5.005163737971799e-07,0.008183946,0.9959079,2.34893e-07,0.073346466,90,5000000000.0
2903,100104,5.005207627438871e-07,0.008185056999999999,0.9959019,1.2425426999999998e-06,0.07389184,90,5000000000.0
2904,100105,5.005251517349871e-07,0.008186643,0.995895,2.1843846000000003e-06,0.074428424,90,5000000000.0
2905,100106,5.005310031912117e-07,0.008189409,0.99588525,3.3074948e-06,0.075109854,90,5000000000.0
2906,100107,5.005353922662816e-07,0.008191891,0.9958775,4.029999e-06,0.07558415,90,5000000000.0
2907,100108,5.005412434527883e-07,0.008195612,0.99586684,4.807479e-06,0.07614722,90,5000000000.0
2908,100109,5.00545632518267e-07,0.008198615,0.9958588,5.237011e-06,0.076509915,90,5000000000.0
2909,100110,5.005500216025023e-07,0.00820171,0.99585086,5.5254386e-06,0.07681032,90,5000000000.0
2910,100111,5.005558751691697e-07,0.008205845,0.9958409,5.6811937e-06,0.07710648,90,5000000000.0
2911,100112,5.005602642445428e-07,0.008208842,0.99583393,5.6231906e-06,0.07724331,90,5000000000.0
2912,100113,5.005661158403815e-07,0.008212552,0.9958255,5.314559e-06,0.07731049,90,5000000000.0
2913,100114,5.005705048980508e-07,0.008215023,0.99582016,4.9150067000000005e-06,0.07727266,90,5000000000.0
2914,100115,5.005763559353981e-07,0.008217766999999999,0.9958145,4.1724165e-06,0.07710492599999999,90,5000000000.0
2915,100116,5.005807449069111e-07,0.008219332,0.99581134,3.471474e-06,0.076894164,90,5000000000.0
2916,100117,5.005851338740268e-07,0.008220416,0.9958091999999998,2.6617076000000003e-06,0.07661667,90,5000000000.0
2917,100118,5.00590987201657e-07,0.008221039,0.9958081,1.4393701999999996e-06,0.076148786,90,5000000000.0
2918,100119,5.005953760527106e-07,0.008220846,0.99580866,4.3883333e-07,0.07573791,90,5000000000.0
2919,100120,5.00601227426959e-07,0.008219676,0.99581105,-9.706389e-07,0.07512097,90,5000000000.0
2920,100121,5.006056162046596e-07,0.008218106,0.9958142,-2.058073e-06,0.07461975,90,5000000000.0
2921,100122,5.006100049486789e-07,0.008215948,0.99581826,-3.1482214e-06,0.074095026,90,5000000000.0
2922,100123,5.006158554481576e-07,0.008212192,0.995825,-4.569441e-06,0.07337574,90,5000000000.0
2923,100124,5.006202440895176e-07,0.008208756,0.9958311,-5.58495e-06,0.07283879,90,5000000000.0
2924,100125,5.006260969819434e-07,0.008203431,0.99584025,-6.834756e-06,0.07230529,90,5000000000.0
2925,100126,5.006304855494934e-07,0.008198951,0.99584764,-7.670279000000001e-06,0.07229786,90,5000000000.0
2926,100127,5.006363366496343e-07,0.008192448,0.99585813,-8.618631e-06,0.072287135,90,5000000000.0
2927,100128,5.006407251785959e-07,0.008187266,0.9958661,-9.188329e-06,0.07227971400000001,90,5000000000.0
2928,100129,5.006451136902275e-07,0.008181906999999999,0.9958741,-9.624602e-06,0.072269805,90,5000000000.0
2929,100130,5.006509638768466e-07,0.008174625,0.99588454,-9.985267e-06,0.07225825,90,5000000000.0
2930,100131,5.006553523671274e-07,0.008169166,0.995892,-1.008387e-05,0.072249986,90,5000000000.0
2931,100132,5.006612050701056e-07,0.00816204,0.9959011,-9.983167e-06,0.07223843,90,5000000000.0
2932,100133,5.006655935893222e-07,0.008156919,0.9959071,-9.73589e-06,0.07223017,90,5000000000.0
2933,100134,5.006714447948685e-07,0.008150524000000001,0.9959139,-9.186828e-06,0.072218604,90,5000000000.0
2934,100135,5.006758333929054e-07,0.008146142,0.99591815,-8.620981e-06,0.072212,90,5000000000.0
2935,100136,5.006802220262623e-07,0.00814218,0.9959213,-7.935075000000001e-06,0.07220704,90,5000000000.0
2936,100137,5.00686072332419e-07,0.008137643,0.9959239,-6.8569775000000016e-06,0.07220126,90,5000000000.0
2937,100138,5.006904610190347e-07,0.008134852,0.99592453,-5.9453073e-06,0.072197124,90,5000000000.0
2938,100139,5.006963139975001e-07,0.008131999,0.99592394,-4.6248542e-06,0.07219547,90,5000000000.0
2939,100140,5.007007027702185e-07,0.008130535500000001,0.995922,-3.5803948e-06,0.07219464,90,5000000000.0
2940,100141,5.007050915701865e-07,0.008129657,0.9959190999999998,-2.511018e-06,0.072193,90,5000000000.0
2941,100142,5.00710943319063e-07,0.008129383,0.9959139,-1.080953e-06,0.07267562,90,5000000000.0
2942,100143,5.007153322110069e-07,0.008129829,0.9959086,-3.1136057e-08,0.07321784,90,5000000000.0
2943,100144,5.007211828768958e-07,0.008131227,0.99590075,1.3008289999999998e-06,0.0739443,90,5000000000.0
2944,100145,5.007255718589224e-07,0.008132826,0.9958939,2.225205e-06,0.0744789,90,5000000000.0
2945,100146,5.007314251734732e-07,0.008135593,0.99588406,3.3253107e-06,0.07515828,90,5000000000.0
2946,100147,5.00735814228905e-07,0.008138063000000001,0.9958763,4.0306318e-06,0.07562834,90,5000000000.0
2947,100148,5.007402032841497e-07,0.008140798000000001,0.99586827,4.6184772999999985e-06,0.076053925,90,5000000000.0
2948,100149,5.007460554313541e-07,0.008144725,0.9958575,5.2005780000000005e-06,0.07654188,90,5000000000.0
2949,100150,5.00750444533525e-07,0.008147781,0.9958496,5.475005e-06,0.0768344,90,5000000000.0
2950,100151,5.007562953564467e-07,0.00815185,0.9958397,5.6145036e-06,0.077122726,90,5000000000.0
2951,100152,5.007606844401226e-07,0.008154795,0.99583256,5.5465434e-06,0.07725336,90,5000000000.0
2952,100153,5.007650735223137e-07,0.008157560999999999,0.9958263,5.3315453e-06,0.07730972,90,5000000000.0
2953,100154,5.007709267965194e-07,0.008160841,0.9958190999999998,4.823126e-06,0.07726571,90,5000000000.0
2954,100155,5.007753158236748e-07,0.008162905,0.9958146,4.2848324e-06,0.077142835,90,5000000000.0
2955,100156,5.007811679695696e-07,0.008165013,0.99581033,3.3769195e-06,0.07687011,90,5000000000.0
2956,100157,5.007855569320324e-07,0.008166042,0.9958084,2.570118e-06,0.07658552,90,5000000000.0
2957,100158,5.007914074676496e-07,0.008166598,0.9958074,1.3560852e-06,0.076111175,90,5000000000.0
2958,100159,5.007957963536814e-07,0.008166364,0.9958082,3.6402383e-07,0.07569615,90,5000000000.0
2959,100160,5.008001851779961e-07,0.00816555,0.99580985,-6.766715999999999e-07,0.07523524,90,5000000000.0
2960,100161,5.008060380219078e-07,0.008163555500000001,0.9958139,-2.1054839e-06,0.07457016400000001,90,5000000000.0
2961,100162,5.008104267467059e-07,0.008161383000000001,0.995818,-3.1807929e-06,0.07404267,90,5000000000.0
2962,100163,5.008162785825226e-07,0.008157624,0.99582493,-4.580474e-06,0.07332532,90,5000000000.0
2963,100164,5.008206672311663e-07,0.008154198,0.99583113,-5.5783808e-06,0.072785534,90,5000000000.0
2964,100165,5.008250558510046e-07,0.008150301,0.995838,-6.510518200000001e-06,0.07231024,90,5000000000.0
2965,100166,5.008309059076588e-07,0.0081444625,0.9958478,-7.620197e-06,0.07230117,90,5000000000.0
2966,100167,5.008352944681143e-07,0.008139681999999999,0.99585557,-8.332437999999999e-06,0.07229292,90,5000000000.0
2967,100168,5.008411469189059e-07,0.008132903,0.9958663,-9.096346e-06,0.07228219,90,5000000000.0
2968,100169,5.00845535446775e-07,0.008127614,0.9958743,-9.515892e-06,0.07227145,90,5000000000.0
2969,100170,5.008513871272122e-07,0.008120436,0.9958848,-9.856309e-06,0.07225989599999999,90,5000000000.0
2970,100171,5.008557756231667e-07,0.008115065,0.9958921,-9.9415e-06,0.07225329,90,5000000000.0
2971,100172,5.008601641512754e-07,0.008109791,0.99589896,-9.879248e-06,0.07224338,90,5000000000.0
2972,100173,5.0086601408454e-07,0.008103048,0.9959073,-9.570087e-06,0.07223265,90,5000000000.0
2973,100174,5.00870402645298e-07,0.008098300000000001,0.99591243,-9.174633e-06,0.07222439,90,5000000000.0
2974,100175,5.008762551053541e-07,0.00809251,0.9959179,-8.443985e-06,0.07221530400000001,90,5000000000.0
2975,100176,5.008806437501565e-07,0.00808865,0.995921,-7.757395000000001e-06,0.07221035,90,5000000000.0
2976,100177,5.008850323996282e-07,0.008085263,0.99592316,-6.9663632999999985e-06,0.07220539,90,5000000000.0
2977,100178,5.008908844424668e-07,0.008081549,0.9959242,-5.775294e-06,0.07219878,90,5000000000.0
2978,100179,5.008952731703645e-07,0.008079404,0.99592376,-4.801722e-06,0.07219796,90,5000000000.0
2979,100180,5.009011234305028e-07,0.008077433,0.9959213,-3.43161e-06,0.07219796,90,5000000000.0
2980,100181,5.00905512251294e-07,0.008076626,0.99591845,-2.3744408e-06,0.07219796,90,5000000000.0
2981,100182,5.009113650311388e-07,0.008076435,0.9959129,-9.630429e-07,0.072728954,90,5000000000.0
2982,100183,5.009157539471176e-07,0.00807693,0.9959077,7.092567e-08,0.073271595,90,5000000000.0
2983,100184,5.009201428910917e-07,0.008077935999999999,0.9959018,1.0624897e-06,0.073815905,90,5000000000.0
2984,100185,5.00925995423252e-07,0.008080005,0.99589276,2.2868342000000003e-06,0.07453015,90,5000000000.0
2985,100186,5.009303844469786e-07,0.008082033,0.99588543,3.109321e-06,0.0750423,90,5000000000.0
2986,100187,5.00936235052436e-07,0.008085257,0.99587506,4.0487967e-06,0.07567171,90,5000000000.0
2987,100188,5.009406241338942e-07,0.0080879815,0.995867,4.618615e-06,0.07609393,90,5000000000.0
2988,100189,5.009450132243879e-07,0.008090884,0.99585897,5.060473e-06,0.0764631,90,5000000000.0
2989,100190,5.009508662062611e-07,0.008094905,0.99584836,5.4362663e-06,0.0768608,90,5000000000.0
2990,100191,5.009552552986744e-07,0.008097928,0.9958409,5.550883e-06,0.077082485,90,5000000000.0
2991,100192,5.009611080555732e-07,0.008101818,0.99583143,5.4762286e-06,0.07726339,90,5000000000.0
2992,100193,5.009654971309266e-07,0.00810453,0.9958252,5.2507385e-06,0.07731203,90,5000000000.0
2993,100194,5.009713477131466e-07,0.008107733,0.9958181,4.7320086e-06,0.07725567,90,5000000000.0
2994,100195,5.009757367298118e-07,0.008109736999999999,0.9958138,4.188584e-06,0.07712737,90,5000000000.0
2995,100196,5.009801257290169e-07,0.008111333,0.9958104,3.5240155e-06,0.07692753,90,5000000000.0
2996,100197,5.009859784207547e-07,0.008112734,0.99580765,2.4714552e-06,0.07655434,90,5000000000.0
2997,100198,5.009903673190782e-07,0.008113188,0.9958069,1.5769107e-06,0.07620048,90,5000000000.0
2998,100199,5.00996219884004e-07,0.008112934,0.9958077,2.7628238e-07,0.075652786,90,5000000000.0
2999,100200,5.010000000000007e-07,0.008112231,0.99580926,-6.104023000000001e-07,0.07525269,90,5000000000.0
